contract_project_id,contract_id,project_number,project_name,work_type,county_region,route,location,project_award_amount
cdot_2026q1_c_0852_130_project_1,cdot_2026q1_c_0852_130,C 0852-130,SB SANTA FE TO EASTBOUND C470,Roadway,Colorado / CDOT District 1,,C 0852-130 SB SANTA FE TO EASTBOUND C470,1251000.00
cdot_2026q1_cm570_071_project_1,cdot_2026q1_cm570_071,CM570-071,GREELEY & EVANS,Roadway,Colorado / CDOT District 4,,CM570-071 GREELEY & EVANS,739593.00
cdot_2026q1_cr400_408_project_1,cdot_2026q1_cr400_408,CR400-408,CO157A - MP 0.277; 036B - MP 3,Roadway,Colorado / CDOT District 4,,CR400-408 CO157A - MP 0.277; 036B - MP 3,885349.00
cdot_2026q1_er0852_129_project_1,cdot_2026q1_er0852_129,ER0852-129,SB SANTA FE TO EASTBOUND C470,Roadway,Colorado / CDOT District 1,,ER0852-129 SB SANTA FE TO EASTBOUND C470,1251000.00
cdot_2026q1_fbr006a_078_project_1,cdot_2026q1_fbr006a_078,FBR006A-078,ATWOOD TO STERLING (MP 398.2-4,Roadway,Colorado / CDOT District 4,,FBR006A-078 ATWOOD TO STERLING (MP 398.2-4,20722238.45
cdot_2026q1_fsa0252_509_project_1,cdot_2026q1_fsa0252_509,FSA0252-509,I25 FROM MP 108.5 TO 115,Roadway,Colorado / CDOT District 2,,FSA0252-509 I25 FROM MP 108.5 TO 115,3558000.00
cdot_2026q1_im025a_056_project_1,cdot_2026q1_im025a_056,IM025A-056,TRINIDAD,Roadway,Colorado / CDOT District 2,,IM025A-056 TRINIDAD,2368693.10
cdot_2026q1_mtcer300_289_project_1,cdot_2026q1_mtcer300_289,MTCER300-289,REGION 3,Roadway,Colorado / CDOT District 3,,MTCER300-289 REGION 3,288898.50
cdot_2026q1_mtcer500_236_project_1,cdot_2026q1_mtcer500_236,MTCER500-236,REGION 5,Roadway,Colorado / CDOT District 5,,MTCER500-236 REGION 5,1674227.00
cdot_2026q1_nhfpr100_433_project_1,cdot_2026q1_nhfpr100_433,NHFPR100-433,R3 - Loma - 070A - MM 13.6,Roadway,Colorado / CDOT District 1,,NHFPR100-433 R3 - Loma - 070A - MM 13.6,2511351.69
cdot_2026q1_nhpp006a_080_project_1,cdot_2026q1_nhpp006a_080,NHPP006A-080,US 6 MP 20-26 Resurfacing,Roadway,Colorado / CDOT District 3,,NHPP006A-080 US 6 MP 20-26 Resurfacing,3067017.50
cdot_2026q1_nhpp0403_072_project_1,cdot_2026q1_nhpp0403_072,NHPP0403-072,MM 221.5-226 US 40 GRAND COUNT,Roadway,Colorado / CDOT District 3,,NHPP0403-072 MM 221.5-226 US 40 GRAND COUNT,4716276.25
cdot_2026q1_nhpp0403_076_project_1,cdot_2026q1_nhpp0403_076,NHPP0403-076,US 40 & TONN VALLEY DRIVE,Roadway,Colorado / CDOT District 1,,NHPP0403-076 US 40 & TONN VALLEY DRIVE,433473.20
cdot_2026q1_nhpp0501_081_project_1,cdot_2026q1_nhpp0501_081,NHPP0501-081,"US50 MP 108-MP113, MONTROSE CO",Roadway,Colorado / CDOT District 3,,"NHPP0501-081 US50 MP 108-MP113, MONTROSE CO",593455.00
cdot_2026q1_nhpp0702_422_project_1,cdot_2026q1_nhpp0702_422,NHPP0702-422,I-70 AND SH 9 IN FRISCO,Roadway,Colorado / CDOT District 3,,NHPP0702-422 I-70 AND SH 9 IN FRISCO,27114489.40
cdot_2026q1_nhpp0741_026_project_1,cdot_2026q1_nhpp0741_026,NHPP0741-026,SH 74 DOWNTOWN EVERGREEN TO CO,Roadway,Colorado / CDOT District 1,,NHPP0741-026 SH 74 DOWNTOWN EVERGREEN TO CO,6365969.25
cdot_2026q1_nhpp1602_184_project_1,cdot_2026q1_nhpp1602_184,NHPP1602-184,US 160 HIGH BRIDGE TO ELMORES,Roadway,Colorado / CDOT District 5,,NHPP1602-184 US 160 HIGH BRIDGE TO ELMORES,11227904.85
cdot_2026q1_nhpp4701_139_project_1,cdot_2026q1_nhpp4701_139,NHPP4701-139,C-470 KEN CARYL TO WADSORTH,Roadway,Colorado / CDOT District 1,,NHPP4701-139 C-470 KEN CARYL TO WADSORTH,14495525.35
cdot_2026q1_sftyr400_413_project_1,cdot_2026q1_sftyr400_413,SFTYR400-413,MULTIPLE CULVERTS IN REGION 4,Roadway,Colorado / CDOT District 4,,SFTYR400-413 MULTIPLE CULVERTS IN REGION 4,257788.00
cdot_2026q1_star100_429_project_1,cdot_2026q1_star100_429,STAR100-429,Various locations on SH83 betw,Roadway,Colorado / CDOT District 1,,STAR100-429 Various locations on SH83 betw,1576338.00
cdot_2026q1_stm006a_076_project_1,cdot_2026q1_stm006a_076,STM006A-076,ATWOOD TO STERLING (MP 398.2-4,Roadway,Colorado / CDOT District 4,,STM006A-076 ATWOOD TO STERLING (MP 398.2-4,20722238.45
cdot_2026q1_stm086a_059_project_1,cdot_2026q1_stm086a_059,STM086A-059,CO86 (MM 15.3-16.3),Roadway,Colorado / CDOT District 4,,STM086A-059 CO86 (MM 15.3-16.3),1427814.20
cdot_2026q1_str0241_069_project_1,cdot_2026q1_str0241_069,STR0241-069,SH 24 MP 166 TO 174,Roadway,Colorado / CDOT District 3,,STR0241-069 SH 24 MP 166 TO 174,12299613.85
cdot_2026q1_str1151_043_project_1,cdot_2026q1_str1151_043,STR1151-043,SH 115A from M.P 14.0-18.0 thr,Roadway,Colorado / CDOT District 2,,STR1151-043 SH 115A from M.P 14.0-18.0 thr,3683609.28
cdot_2026q1_strr200_289_project_1,cdot_2026q1_strr200_289,STRR200-289,"CO 10A, US 50B, CO 69A, CO 165",Roadway,Colorado / CDOT District 2,,"STRR200-289 CO 10A, US 50B, CO 69A, CO 165",1084179.78
cdot_2026q1_tap0703_530_project_1,cdot_2026q1_tap0703_530,TAP0703-530,HOGBACK TRAILS ADJACENT TO I-7,Roadway,Colorado / CDOT District 1,,TAP0703-530 HOGBACK TRAILS ADJACENT TO I-7,2437169.75
cdot_2025q4_2670171_111_project_1,cdot_2025q4_2670171_111,2670171-111,SH 17 FROM APPROXIMATE MP 2.4,Roadway,Colorado / CDOT District 5,,2670171-111 SH 17 FROM APPROXIMATE MP 2.4,9174121.50
cdot_2025q4_2670252_499_project_1,cdot_2025q4_2670252_499,2670252-499,I-25:MOBILITY HUB (LONE TREE),Roadway,Colorado / CDOT District 1,,2670252-499 I-25:MOBILITY HUB (LONE TREE),16509889.28
cdot_2025q4_br0402_109_project_1,cdot_2025q4_br0402_109,BR0402-109,US40 MP 108.4 OVER SHELTON DIT,Roadway,Colorado / CDOT District 3,,BR0402-109 US40 MP 108.4 OVER SHELTON DIT,2440781.14
cdot_2025q4_br0704_265_project_1,cdot_2025q4_br0704_265,BR0704-265,I-70 EAST,Roadway,Colorado / CDOT District 1,,BR0704-265 I-70 EAST,7235022.57
cdot_2025q4_br0761_249_project_1,cdot_2025q4_br0761_249,BR0761-249,I-76,Roadway,Colorado / CDOT District 4,,BR0761-249 I-76,3259684.20
cdot_2025q4_brr100_400_project_1,cdot_2025q4_brr100_400,BRR100-400,"VAR LOCATIONS R1 I25, I225 & I",Roadway,Colorado / CDOT District 1,,"BRR100-400 VAR LOCATIONS R1 I25, I225 & I",2684443.68
cdot_2025q4_c0063_067_project_1,cdot_2025q4_c0063_067,C0063-067,US 6 PALISADE IMPROVEMENTS MP,Roadway,Colorado / CDOT District 3,,C0063-067 US 6 PALISADE IMPROVEMENTS MP,7160000.00
cdot_2025q4_c0142_070_project_1,cdot_2025q4_c0142_070,C0142-070,SH 14 MP 75.5-85,Roadway,Colorado / CDOT District 4,,C0142-070 SH 14 MP 75.5-85,196525.00
cdot_2025q4_c0405_042_project_1,cdot_2025q4_c0405_042,C0405-042,"US 40 IN DEER TRAIL, PINE ST T",Roadway,Colorado / CDOT District 1,,"C0405-042 US 40 IN DEER TRAIL, PINE ST T",672753.24
cdot_2025q4_c0821_113_project_1,cdot_2025q4_c0821_113,C0821-113,CO-82 & Catherine Store Signal,Roadway,Colorado / CDOT District 3,,C0821-113 CO-82 & Catherine Store Signal,635240.00
cdot_2025q4_c1601_088_project_1,cdot_2025q4_c1601_088,C1601-088,US 160 SIGNALS MILDRED & HARRI,Roadway,Colorado / CDOT District 5,,C1601-088 US 160 SIGNALS MILDRED & HARRI,1379406.89
cdot_2025q4_cr400_400_project_1,cdot_2025q4_cr400_400,CR400-400,VARIOUS LOCATIONS THROUGHOUT R,Roadway,Colorado / CDOT District 4,,CR400-400 VARIOUS LOCATIONS THROUGHOUT R,2394994.00
cdot_2025q4_cr400_406_project_1,cdot_2025q4_cr400_406,CR400-406,REGION-WIDE,Roadway,Colorado / CDOT District 4,,CR400-406 REGION-WIDE,1864082.67
cdot_2025q4_er060a_028_project_1,cdot_2025q4_er060a_028,ER060A-028,CO 60 (MP 9-10),Roadway,Colorado / CDOT District 4,,ER060A-028 CO 60 (MP 9-10),488198.00
cdot_2025q4_fbr0063_066_project_1,cdot_2025q4_fbr0063_066,FBR0063-066,US 6D IN GARFIELD COUNTY,Roadway,Colorado / CDOT District 3,,FBR0063-066 US 6D IN GARFIELD COUNTY,10092629.21
cdot_2025q4_fbr0703_534_project_1,cdot_2025q4_fbr0703_534,FBR0703-534,I-70,Roadway,Colorado / CDOT District 1,,FBR0703-534 I-70,434861012.42
cdot_2025q4_fbr0704_269_project_1,cdot_2025q4_fbr0704_269,FBR0704-269,I-70 EAST,Roadway,Colorado / CDOT District 1,,FBR0704-269 I-70 EAST,7235022.57
cdot_2025q4_fbr086a_061_project_1,cdot_2025q4_fbr086a_061,FBR086A-061,CO 86 (MP 22.75-22.89),Roadway,Colorado / CDOT District 4,,FBR086A-061 CO 86 (MP 22.75-22.89),5097021.85
cdot_2025q4_fbr2851_014_project_1,cdot_2025q4_fbr2851_014,FBR2851-014,US 50 CONEJOS RIVER BRIDGE STR,Roadway,Colorado / CDOT District 5,,FBR2851-014 US 50 CONEJOS RIVER BRIDGE STR,2866394.00
cdot_2025q4_fsa052a_053_project_1,cdot_2025q4_fsa052a_053,FSA052A-053,SH 52 AND WCR 41 SIGNALIZATION,Roadway,Colorado / CDOT District 4,,FSA052A-053 SH 52 AND WCR 41 SIGNALIZATION,597027.50
cdot_2025q4_itssw03_250_project_1,cdot_2025q4_itssw03_250,ITSSW03-250,FRONT RANGE,Roadway,Colorado / CDOT District 0,,ITSSW03-250 FRONT RANGE,5379255.25
cdot_2025q4_itssw03_417_project_1,cdot_2025q4_itssw03_417,ITSSW03-417,STATEWIDE,Roadway,Colorado / CDOT District 0,,ITSSW03-417 STATEWIDE,5688636.50
cdot_2025q4_mtce0361_135_project_1,cdot_2025q4_mtce0361_135,MTCE0361-135,US-36B FROM MP 0.00-33.76 IN B,Roadway,Colorado / CDOT District 4,,MTCE0361-135 US-36B FROM MP 0.00-33.76 IN B,928777.95
cdot_2025q4_mtce0402_112_project_1,cdot_2025q4_mtce0402_112,MTCE0402-112,REGION 3 STENCIL PROJECT ON HI,Roadway,Colorado / CDOT District 3,,MTCE0402-112 REGION 3 STENCIL PROJECT ON HI,448562.85
cdot_2025q4_mtce0702_434_project_1,cdot_2025q4_mtce0702_434,MTCE0702-434,"I-70 MP 130 TO 168, REGION 3",Roadway,Colorado / CDOT District 3,,"MTCE0702-434 I-70 MP 130 TO 168, REGION 3",656656.00
cdot_2025q4_mtce0703_541_project_1,cdot_2025q4_mtce0703_541,MTCE0703-541,I-70 EISENHOWER-JOHNSON MEMORI,Roadway,Colorado / CDOT District 1,,MTCE0703-541 I-70 EISENHOWER-JOHNSON MEMORI,2769129.65
cdot_2025q4_mtcer100_428_project_1,cdot_2025q4_mtcer100_428,MTCER100-428,"I-25 (DENVER TO MONUMENT), I-7",Roadway,Colorado / CDOT District 1,,"MTCER100-428 I-25 (DENVER TO MONUMENT), I-7",195959.50
cdot_2025q4_mtcer200_296_project_1,cdot_2025q4_mtcer200_296,MTCER200-296,REGION 2 VARIOUS HIGHWAYS AND,Roadway,Colorado / CDOT District 2,,MTCER200-296 REGION 2 VARIOUS HIGHWAYS AND,993522.30
cdot_2025q4_mtcer200_297_project_1,cdot_2025q4_mtcer200_297,MTCER200-297,REGION 2 EL PASO COUNTY COLORA,Roadway,Colorado / CDOT District 2,,MTCER200-297 REGION 2 EL PASO COUNTY COLORA,235510.00
cdot_2025q4_mtcer200_299_project_1,cdot_2025q4_mtcer200_299,MTCER200-299,R2 VARIOUS HIGHWAYS AND COUTNI,Roadway,Colorado / CDOT District 2,,MTCER200-299 R2 VARIOUS HIGHWAYS AND COUTNI,3546943.50
cdot_2025q4_mtcer200_301_project_1,cdot_2025q4_mtcer200_301,MTCER200-301,R2 VARIOUS HIGHWAYS AND COUNTI,Roadway,Colorado / CDOT District 2,,MTCER200-301 R2 VARIOUS HIGHWAYS AND COUNTI,1781582.00
cdot_2025q4_mtcer300_288_project_1,cdot_2025q4_mtcer300_288,MTCER300-288,I-70 MM 0-205 REGION WIDE,Roadway,Colorado / CDOT District 3,,MTCER300-288 I-70 MM 0-205 REGION WIDE,1994789.44
cdot_2025q4_mtcer400_411_project_1,cdot_2025q4_mtcer400_411,MTCER400-411,SH157 MP3.518 D-16-DG AND I70,Roadway,Colorado / CDOT District 4,,MTCER400-411 SH157 MP3.518 D-16-DG AND I70,612588.00
cdot_2025q4_mtcer400_415_project_1,cdot_2025q4_mtcer400_415,MTCER400-415,REGION 4,Roadway,Colorado / CDOT District 4,,MTCER400-415 REGION 4,2542335.29
cdot_2025q4_mtcer500_233_project_1,cdot_2025q4_mtcer500_233,MTCER500-233,REGION 5,Roadway,Colorado / CDOT District 5,,MTCER500-233 REGION 5,1834021.50
cdot_2025q4_nh0243_097_project_1,cdot_2025q4_nh0243_097,NH0243-097,US 24 - MP 332.02 TO MP 342.65,Roadway,Colorado / CDOT District 2,,NH0243-097 US 24 - MP 332.02 TO MP 342.65,11325943.09
cdot_2025q4_nh160a_036_project_1,cdot_2025q4_nh160a_036,NH160A-036,US160A HUERFANO MP 294.4 TO 30,Roadway,Colorado / CDOT District 2,,NH160A-036 US160A HUERFANO MP 294.4 TO 30,9155884.13
cdot_2025q4_nhpp0062_040_project_1,cdot_2025q4_nhpp0062_040,NHPP0062-040,VASQUEZ BLVD - I270 TO 64TH -,Roadway,Colorado / CDOT District 6,,NHPP0062-040 VASQUEZ BLVD - I270 TO 64TH -,10683069.23
cdot_2025q4_nhpp0072_033_project_1,cdot_2025q4_nhpp0072_033,NHPP0072-033,CO7 28TH ST TO CHERRYVALE RD (,Roadway,Colorado / CDOT District 4,,NHPP0072-033 CO7 28TH ST TO CHERRYVALE RD (,8058760.55
cdot_2025q4_nhpp0241_070_project_1,cdot_2025q4_nhpp0241_070,NHPP0241-070,US 24 MP 192.73 TO 202.30,Roadway,Colorado / CDOT District 5,,NHPP0241-070 US 24 MP 192.73 TO 202.30,6480440.65
cdot_2025q4_nhpp0253_302_project_1,cdot_2025q4_nhpp0253_302,NHPP0253-302,I-25 SEGMENT 5 (MP 242.5 TO 25,Roadway,Colorado / CDOT District 4,,NHPP0253-302 I-25 SEGMENT 5 (MP 242.5 TO 25,78893355.45
cdot_2025q4_nhpp0402_107_project_1,cdot_2025q4_nhpp0402_107,NHPP0402-107,"R3 US 40 MILNER EAST AND WEST,",Roadway,Colorado / CDOT District 3,,"NHPP0402-107 R3 US 40 MILNER EAST AND WEST,",12017516.10
cdot_2025q4_nhpp0403_063_project_1,cdot_2025q4_nhpp0403_063,NHPP0403-063,US40 RESURFACING MP 252-258.3,Roadway,Colorado / CDOT District 1,,NHPP0403-063 US40 RESURFACING MP 252-258.3,11822056.73
cdot_2025q4_nhpp0403_069_project_1,cdot_2025q4_nhpp0403_069,NHPP0403-069,US 40 MP 215.90 - 219.88 IN GR,Roadway,Colorado / CDOT District 3,,NHPP0403-069 US 40 MP 215.90 - 219.88 IN GR,5792196.70
cdot_2025q4_nhpp0501_071_project_1,cdot_2025q4_nhpp0501_071,NHPP0501-071,US50 DELTA RESURFACE MP 72 WES,Roadway,Colorado / CDOT District 3,,NHPP0501-071 US50 DELTA RESURFACE MP 72 WES,7587320.55
cdot_2025q4_nhpp0501_080_project_1,cdot_2025q4_nhpp0501_080,NHPP0501-080,SH50A MP 89.93 CEADAR CREEK,Roadway,Colorado / CDOT District 3,,NHPP0501-080 SH50A MP 89.93 CEADAR CREEK,4999614.34
cdot_2025q4_nhpp0701_257_project_1,cdot_2025q4_nhpp0701_257,NHPP0701-257,MP 138-148 ON I-70 IN EAGLE CO,Roadway,Colorado / CDOT District 3,,NHPP0701-257 MP 138-148 ON I-70 IN EAGLE CO,18121443.25
cdot_2025q4_nhpp0701_260_project_1,cdot_2025q4_nhpp0701_260,NHPP0701-260,I-70 MP 80.5 TO MP 88 IN GARFI,Roadway,Colorado / CDOT District 3,,NHPP0701-260 I-70 MP 80.5 TO MP 88 IN GARFI,8192268.13
cdot_2025q4_nhpp0702_428_project_1,cdot_2025q4_nhpp0702_428,NHPP0702-428,I-70 THROUGH GLENWOOD CANYON I,Roadway,Colorado / CDOT District 3,,NHPP0702-428 I-70 THROUGH GLENWOOD CANYON I,6295000.00
cdot_2025q4_nhpp0703_517_project_1,cdot_2025q4_nhpp0703_517,NHPP0703-517,I-70 TOP OF FLOYD HILL TO VETE,Roadway,Colorado / CDOT District 1,,NHPP0703-517 I-70 TOP OF FLOYD HILL TO VETE,434861012.42
cdot_2025q4_nhpp0703_536_project_1,cdot_2025q4_nhpp0703_536,NHPP0703-536,I-70 DILLON TO EJMT MM 204 TO,Roadway,Colorado / CDOT District 3,,NHPP0703-536 I-70 DILLON TO EJMT MM 204 TO,3373121.00
cdot_2025q4_nhpp0704_260_project_1,cdot_2025q4_nhpp0704_260,NHPP0704-260,I-70 AND PENA BLVD OVERPASS,Roadway,Colorado / CDOT District 6,,NHPP0704-260 I-70 AND PENA BLVD OVERPASS,818181.81
cdot_2025q4_nhpp0705_083_project_1,cdot_2025q4_nhpp0705_083,NHPP0705-083,I-70: SEIBERT EAST PART 2,Roadway,Colorado / CDOT District 4,,NHPP0705-083 I-70: SEIBERT EAST PART 2,30092191.10
cdot_2025q4_nhpp070a_042_project_1,cdot_2025q4_nhpp070a_042,NHPP070A-042,I70B EAST OF 3RD STREET,Roadway,Colorado / CDOT District 3,,NHPP070A-042 I70B EAST OF 3RD STREET,13244314.90
cdot_2025q4_nhpp085a_020_project_1,cdot_2025q4_nhpp085a_020,NHPP085A-020,US85:I-76 TO 124TH AVENUE OVER,Roadway,Colorado / CDOT District 6,,NHPP085A-020 US85:I-76 TO 124TH AVENUE OVER,7290197.96
cdot_2025q4_nhpp1602_194_project_1,cdot_2025q4_nhpp1602_194,NHPP1602-194,US 160 MP 174.1,Roadway,Colorado / CDOT District 5,,NHPP1602-194 US 160 MP 174.1,1791461.00
cdot_2025q4_nhpp2254_095_project_1,cdot_2025q4_nhpp2254_095,NHPP2254-095,I-225 @ 2ND AND 6TH AVES,Roadway,Colorado / CDOT District 1,,NHPP2254-095 I-225 @ 2ND AND 6TH AVES,2780679.42
cdot_2025q4_nhpp2706_048_project_1,cdot_2025q4_nhpp2706_048,NHPP2706-048,I-270 MP 0 - MP 5,Roadway,Colorado / CDOT District 6,,NHPP2706-048 I-270 MP 0 - MP 5,4834255.00
cdot_2025q4_nhpp2706_054_project_1,cdot_2025q4_nhpp2706_054,NHPP2706-054,I-270/SAND CREEK DRIVE REPAIR,Roadway,Colorado / CDOT District 6,,NHPP2706-054 I-270/SAND CREEK DRIVE REPAIR,247000.00
cdot_2025q4_nhpp2851_009_project_1,cdot_2025q4_nhpp2851_009,NHPP2851-009,US 285 CONEJOS RIVER BRIDGES,Roadway,Colorado / CDOT District 5,,NHPP2851-009 US 285 CONEJOS RIVER BRIDGES,2866394.00
cdot_2025q4_nhpp2873_206_project_1,cdot_2025q4_nhpp2873_206,NHPP2873-206,US287:RESURFACING I-70 TO 92ND,Roadway,Colorado / CDOT District 6,,NHPP2873-206 US287:RESURFACING I-70 TO 92ND,12912912.00
cdot_2025q4_nhppr100_420_project_1,cdot_2025q4_nhppr100_420,NHPPR100-420,VARIOUS LOCATIONS IN REGION 1,Roadway,Colorado / CDOT District 1,,NHPPR100-420 VARIOUS LOCATIONS IN REGION 1,2422341.00
cdot_2025q4_nhppr500_227_project_1,cdot_2025q4_nhppr500_227,NHPPR500-227,REGION 5 SECTION 7,Roadway,Colorado / CDOT District 5,,NHPPR500-227 REGION 5 SECTION 7,2065188.00
cdot_2025q4_she0881_032_project_1,cdot_2025q4_she0881_032,SHE0881-032,FEDERAL BLVD SIGNALS 41st and,Roadway,Colorado / CDOT District 1,,SHE0881-032 FEDERAL BLVD SIGNALS 41st and,934434.00
cdot_2025q4_she1211_107_project_1,cdot_2025q4_she1211_107,SHE1211-107,WADSWORTH BLVD & EVANS AVE,Roadway,Colorado / CDOT District 1,,SHE1211-107 WADSWORTH BLVD & EVANS AVE,655850.00
cdot_2025q4_sher100_414_project_1,cdot_2025q4_sher100_414,SHER100-414,"SH 74/KERRGULCH;SH83/GILLIAN,R",Roadway,Colorado / CDOT District 1,,"SHER100-414 SH 74/KERRGULCH;SH83/GILLIAN,R",1459900.10
cdot_2025q4_sher200_309_project_1,cdot_2025q4_sher200_309,SHER200-309,REGION 2 WIDE VARIOUS LOCATION,Roadway,Colorado / CDOT District 2,,SHER200-309 REGION 2 WIDE VARIOUS LOCATION,382111.03
cdot_2025q4_spfs2706_055_project_1,cdot_2025q4_spfs2706_055,SPFS2706-055,I-270 MP 0-3,Roadway,Colorado / CDOT District 6,,SPFS2706-055 I-270 MP 0-3,1373255.58
cdot_2025q4_sta119a_078_project_1,cdot_2025q4_sta119a_078,STA119A-078,CO 119 (MM 44.237-55.5),Roadway,Colorado / CDOT District 4,,STA119A-078 CO 119 (MM 44.237-55.5),19859813.00
cdot_2025q4_sta157a_013_project_1,cdot_2025q4_sta157a_013,STA157A-013,CO 157 (MM 2.8-4.5),Roadway,Colorado / CDOT District 4,,STA157A-013 CO 157 (MM 2.8-4.5),4299635.45
cdot_2025q4_stam765_015_project_1,cdot_2025q4_stam765_015,STAM765-015,"US50/MAPLE & US287/CEDAR, LAMA",Roadway,Colorado / CDOT District 2,,"STAM765-015 US50/MAPLE & US287/CEDAR, LAMA",1482502.69
cdot_2025q4_star500_223_project_1,cdot_2025q4_star500_223,STAR500-223,"SH50 MM 189.71, US550 MM 98.33",Roadway,Colorado / CDOT District 5,,"STAR500-223 SH50 MM 189.71, US550 MM 98.33",963303.00
cdot_2025q4_star500_226_project_1,cdot_2025q4_star500_226,STAR500-226,"R5 HWYS 550, 491, 285, 184, 17",Roadway,Colorado / CDOT District 5,,"STAR500-226 R5 HWYS 550, 491, 285, 184, 17",8859322.69
cdot_2025q4_star500_228_project_1,cdot_2025q4_star500_228,STAR500-228,REGION 5,Roadway,Colorado / CDOT District 5,,STAR500-228 REGION 5,1581538.00
cdot_2025q4_stm0132_025_project_1,cdot_2025q4_stm0132_025,STM0132-025,"CO13 MM 90.2, US40Z MM 0.65, M",Roadway,Colorado / CDOT District 3,,"STM0132-025 CO13 MM 90.2, US40Z MM 0.65, M",1280705.00
cdot_2025q4_stm0503_096_project_1,cdot_2025q4_stm0503_096,STM0503-096,PUEBLO COUNTY LINE TO PURCELL,Roadway,Colorado / CDOT District 2,,STM0503-096 PUEBLO COUNTY LINE TO PURCELL,12305350.98
cdot_2025q4_stm052a_062_project_1,cdot_2025q4_stm052a_062,STM052A-062,CO52A RESURFACING I25 TO US85,Roadway,Colorado / CDOT District 4,,STM052A-062 CO52A RESURFACING I25 TO US85,8874349.77
cdot_2025q4_stm141a_057_project_1,cdot_2025q4_stm141a_057,STM141A-057,SH141 GATEWAY MP 120 SOUTH,Roadway,Colorado / CDOT District 3,,STM141A-057 SH141 GATEWAY MP 120 SOUTH,7979767.68
cdot_2025q4_stm2873_232_project_1,cdot_2025q4_stm2873_232,STM2873-232,SH287 & LCR 72 AND US287 & OWL,Roadway,Colorado / CDOT District 4,,STM2873-232 SH287 & LCR 72 AND US287 & OWL,617732.65
cdot_2025q4_stm318a_002_project_1,cdot_2025q4_stm318a_002,STM318A-002,SH 318 MP 1.25 IN MOFFAT COUNT,Roadway,Colorado / CDOT District 3,,STM318A-002 SH 318 MP 1.25 IN MOFFAT COUNT,2095785.00
cdot_2025q4_stm340a_022_project_1,cdot_2025q4_stm340a_022,STM340A-022,CO 340 GRAND AVE TO REDLANDS P,Roadway,Colorado / CDOT District 3,,STM340A-022 CO 340 GRAND AVE TO REDLANDS P,5609674.21
cdot_2025q4_stmm153_003_project_1,cdot_2025q4_stmm153_003,STMM153-003,CO 17 & SOUTH OF CO 14,Roadway,Colorado / CDOT District 4,,STMM153-003 CO 17 & SOUTH OF CO 14,3502761.33
cdot_2025q4_str012a_054_project_1,cdot_2025q4_str012a_054,STR012A-054,SH12 MP 46.7 to MP 48.1,Roadway,Colorado / CDOT District 2,,STR012A-054 SH12 MP 46.7 to MP 48.1,3489752.57
cdot_2025q4_str025a_054_project_1,cdot_2025q4_str025a_054,STR025A-054,I-25C NORTH OUT OF WALSENBURG,Roadway,Colorado / CDOT District 2,,STR025A-054 I-25C NORTH OUT OF WALSENBURG,5987513.44
cdot_2025q4_str050a_042_project_1,cdot_2025q4_str050a_042,STR050A-042,FREMONT COUNTY IN R2,Roadway,Colorado / CDOT District 2,,STR050A-042 FREMONT COUNTY IN R2,1440920.00
cdot_2025q4_str069a_036_project_1,cdot_2025q4_str069a_036,STR069A-036,SH 69 M.P. 71.53 TO M.P. 82.66,Roadway,Colorado / CDOT District 2,,STR069A-036 SH 69 M.P. 71.53 TO M.P. 82.66,7999978.41
cdot_2025q4_str141a_056_project_1,cdot_2025q4_str141a_056,STR141A-056,SH 141 MP 85.5 K-01-B BRIDGE,Roadway,Colorado / CDOT District 5,,STR141A-056 SH 141 MP 85.5 K-01-B BRIDGE,2088196.75
cdot_2025q4_str3501_019_project_1,cdot_2025q4_str3501_019,STR3501-019,MINDEMAN TO EAST OF SH 71 JUNC,Roadway,Colorado / CDOT District 2,,STR3501-019 MINDEMAN TO EAST OF SH 71 JUNC,6675478.19
cdot_2025q4_strr200_288_project_1,cdot_2025q4_strr200_288,STRR200-288,"CO 9B, US 24A, US 24G, CO 67C,",Roadway,Colorado / CDOT District 2,,"STRR200-288 CO 9B, US 24A, US 24G, CO 67C,",1798366.30
cdot_2025q4_stu1191_044_project_1,cdot_2025q4_stu1191_044,STU1191-044,CO119 AND CO 7 FROM US36 (28TH,Roadway,Colorado / CDOT District 4,,STU1191-044 CO119 AND CO 7 FROM US36 (28TH,4654489.73
cdot_2024q4_2670252_504_project_1,cdot_2024q4_2670252_504,2670252-504,I25 GREENLAND WILDLIFE OVERPAS,Roadway,Colorado / CDOT District 1,,2670252-504 I25 GREENLAND WILDLIFE OVERPAS,14831421.18
cdot_2024q4_2670253_288_project_1,cdot_2024q4_2670253_288,2670253-288,I-25 & SH-7,Roadway,Colorado / CDOT District 6,,2670253-288 I-25 & SH-7,13475476.00
cdot_2024q4_2670703_511_project_1,cdot_2024q4_2670703_511,2670703-511,"HWY 40, I-70 INTERCHANGE (EL R",Roadway,Colorado / CDOT District 1,,"2670703-511 HWY 40, I-70 INTERCHANGE (EL R",4080829.29
cdot_2024q4_267151a_011_project_1,cdot_2024q4_267151a_011,267151A-011,SH 151 MM 12.8 - 26,Roadway,Colorado / CDOT District 5,,267151A-011 SH 151 MM 12.8 - 26,7767133.15
cdot_2024q4_br0061_093_project_1,cdot_2024q4_br0061_093,BR0061-093,TIMBER BRIDGE REPLACEMENTS NEA,Roadway,Colorado / CDOT District 4,,BR0061-093 TIMBER BRIDGE REPLACEMENTS NEA,19126166.00
cdot_2024q4_br025a_049_project_1,cdot_2024q4_br025a_049,BR025A-049,PUEBLO,Roadway,Colorado / CDOT District 2,,BR025A-049 PUEBLO,105158918.35
cdot_2024q4_br0505_054_project_1,cdot_2024q4_br0505_054,BR0505-054,050B LAS ANIMAS - BRIDGE STRUC,Roadway,Colorado / CDOT District 2,,BR0505-054 050B LAS ANIMAS - BRIDGE STRUC,10329636.00
cdot_2024q4_br0705_090_project_1,cdot_2024q4_br0705_090,BR0705-090,I-70 (MP 361-395),Roadway,Colorado / CDOT District 4,,BR0705-090 I-70 (MP 361-395),5219632.63
cdot_2024q4_br0761_248_project_1,cdot_2024q4_br0761_248,BR0761-248,VARIOUS LOCATIONS ALONG I76 &,Roadway,Colorado / CDOT District 1,,BR0761-248 VARIOUS LOCATIONS ALONG I76 &,7438813.00
cdot_2024q4_br144a_004_project_1,cdot_2024q4_br144a_004,BR144A-004,"CO 144A: STRUCTURE C-21-D, MP",Roadway,Colorado / CDOT District 4,,"BR144A-004 CO 144A: STRUCTURE C-21-D, MP",1311279.00
cdot_2024q4_br2872_021_project_1,cdot_2024q4_br2872_021,BR2872-021,US 40/287 - MP 417.7 TO 419.5,Roadway,Colorado / CDOT District 4,,BR2872-021 US 40/287 - MP 417.7 TO 419.5,8981782.60
cdot_2024q4_c014a_004_project_1,cdot_2024q4_c014a_004,C014A-004,CO 14 & LCR 5 South,Roadway,Colorado / CDOT District 4,,C014A-004 CO 14 & LCR 5 South,430695.90
cdot_2024q4_c0402_101_project_1,cdot_2024q4_c0402_101,C0402-101,US 40 AND DOWNHILL DRIVE IN ST,Roadway,Colorado / CDOT District 3,,C0402-101 US 40 AND DOWNHILL DRIVE IN ST,7587094.00
cdot_2024q4_c0502_089_project_1,cdot_2024q4_c0502_089,C0502-089,US 50/US 285 INTERSECTION & US,Roadway,Colorado / CDOT District 5,,C0502-089 US 50/US 285 INTERSECTION & US,7358619.25
cdot_2024q4_c052a_051_project_1,cdot_2024q4_c052a_051,C052A-051,SH52 MP 54.58 TO 60.753,Roadway,Colorado / CDOT District 4,,C052A-051 SH52 MP 54.58 TO 60.753,5188517.45
cdot_2024q4_c0761_251_project_1,cdot_2024q4_c0761_251,C0761-251,I-76 & E-470,Roadway,Colorado / CDOT District 6,,C0761-251 I-76 & E-470,159400.00
cdot_2024q4_c0821_119_project_1,cdot_2024q4_c0821_119,C0821-119,R3 SH 82 GARFIELD COUNTY RED H,Roadway,Colorado / CDOT District 3,,C0821-119 R3 SH 82 GARFIELD COUNTY RED H,1589246.45
cdot_2024q4_c0841_009_project_1,cdot_2024q4_c0841_009,C0841-009,SH 84 EMBANKMENT SLOPE FAILURE,Roadway,Colorado / CDOT District 5,,C0841-009 SH 84 EMBANKMENT SLOPE FAILURE,4430539.30
cdot_2024q4_c133a_054_project_1,cdot_2024q4_c133a_054,C133A-054,SH133 Rockfall Mitigation MP21,Roadway,Colorado / CDOT District 3,,C133A-054 SH133 Rockfall Mitigation MP21,1961623.67
cdot_2024q4_c1601_085_project_1,cdot_2024q4_c1601_085,C1601-085,US 160D MANCOS CO,Roadway,Colorado / CDOT District 5,,C1601-085 US 160D MANCOS CO,2172249.50
cdot_2024q4_c1602_191_project_1,cdot_2024q4_c1602_191,C1602-191,US 160 MP 174.0 WOLF CREEK TUN,Roadway,Colorado / CDOT District 5,,C1602-191 US 160 MP 174.0 WOLF CREEK TUN,986914.05
cdot_2024q4_c2852_024_project_1,cdot_2024q4_c2852_024,C2852-024,"HWY 24, 50, 160, & 285",Roadway,Colorado / CDOT District 5,,"C2852-024 HWY 24, 50, 160, & 285",1957891.00
cdot_2024q4_c5502_113_project_1,cdot_2024q4_c5502_113,C5502-113,US 550 WALL MP 56.7 & DEER CRE,Roadway,Colorado / CDOT District 5,,C5502-113 US 550 WALL MP 56.7 & DEER CRE,3486780.52
cdot_2024q4_c5502_114_project_1,cdot_2024q4_c5502_114,C5502-114,US 550 & 14TH ST DURANGO- MP 2,Roadway,Colorado / CDOT District 5,,C5502-114 US 550 & 14TH ST DURANGO- MP 2,1469215.00
cdot_2024q4_cr300_278_project_1,cdot_2024q4_cr300_278,CR300-278,US 40 (MP 36.64) AND SH 394 (M,Roadway,Colorado / CDOT District 3,,CR300-278 US 40 (MP 36.64) AND SH 394 (M,824948.00
cdot_2024q4_cr400_382_project_1,cdot_2024q4_cr400_382,CR400-382,SH 66 MP 49.9 - 50.4,Roadway,Colorado / CDOT District 4,,CR400-382 SH 66 MP 49.9 - 50.4,748495.00
cdot_2024q4_cr400_401_project_1,cdot_2024q4_cr400_401,CR400-401,"US 34 & N VAN BUREN AVE, CO 40",Roadway,Colorado / CDOT District 4,,"CR400-401 US 34 & N VAN BUREN AVE, CO 40",802142.50
cdot_2024q4_er0171_112_project_1,cdot_2024q4_er0171_112,ER0171-112,"SH 17 MP 0.3, 3.0 EMERGENCY CU",Roadway,Colorado / CDOT District 5,,"ER0171-112 SH 17 MP 0.3, 3.0 EMERGENCY CU",3292634.21
cdot_2024q4_fbr_025a_060_project_1,cdot_2024q4_fbr_025a_060,FBR 025A-060,PUEBLO,Roadway,Colorado / CDOT District 2,,FBR 025A-060 PUEBLO,105158918.35
cdot_2024q4_fbr0061_092_project_1,cdot_2024q4_fbr0061_092,FBR0061-092,TIMBER BRIDGE REPLACEMENTS NEA,Roadway,Colorado / CDOT District 4,,FBR0061-092 TIMBER BRIDGE REPLACEMENTS NEA,19126166.00
cdot_2024q4_fbr0502_098_project_1,cdot_2024q4_fbr0502_098,FBR0502-098,US 50 BLUE MESA RESERVOIR,Roadway,Colorado / CDOT District 3,,FBR0502-098 US 50 BLUE MESA RESERVOIR,7757027.06
cdot_2024q4_fbr0502_099_project_1,cdot_2024q4_fbr0502_099,FBR0502-099,US 50 BLUE MESA RESERVOIR,Roadway,Colorado / CDOT District 3,,FBR0502-099 US 50 BLUE MESA RESERVOIR,37556728.27
cdot_2024q4_fbr0502_100_project_1,cdot_2024q4_fbr0502_100,FBR0502-100,US 50 BLUE MESA RESERVOIR,Roadway,Colorado / CDOT District 3,,FBR0502-100 US 50 BLUE MESA RESERVOIR,32162056.38
cdot_2024q4_fbr0702_425_project_1,cdot_2024q4_fbr0702_425,FBR0702-425,I-70 MP 185.251 EAGLE COUNTY,Roadway,Colorado / CDOT District 3,,FBR0702-425 I-70 MP 185.251 EAGLE COUNTY,40837403.86
cdot_2024q4_fbr0703_528_project_1,cdot_2024q4_fbr0703_528,FBR0703-528,I70,Roadway,Colorado / CDOT District 1,,FBR0703-528 I70,46780031.93
cdot_2024q4_fbr2853_005_project_1,cdot_2024q4_fbr2853_005,FBR2853-005,US 285 MP 136.10 (STRUC J-12-A,Roadway,Colorado / CDOT District 5,,FBR2853-005 US 285 MP 136.10 (STRUC J-12-A,1957891.00
cdot_2024q4_fbr2872_020_project_1,cdot_2024q4_fbr2872_020,FBR2872-020,US 40/287 - MP 417.7 TO 419.0,Roadway,Colorado / CDOT District 4,,FBR2872-020 US 40/287 - MP 417.7 TO 419.0,8981782.60
cdot_2024q4_fsa0063_065_project_1,cdot_2024q4_fsa0063_065,FSA0063-065,US6 AND POST BLVD ROUNDABOUT,Roadway,Colorado / CDOT District 3,,FSA0063-065 US6 AND POST BLVD ROUNDABOUT,4300000.00
cdot_2024q4_fsa007a_037_project_1,cdot_2024q4_fsa007a_037,FSA007A-037,SH 7 AND AIRPORT DR INTERSECTI,Roadway,Colorado / CDOT District 6,,FSA007A-037 SH 7 AND AIRPORT DR INTERSECTI,4195723.75
cdot_2024q4_fsa053a_002_project_1,cdot_2024q4_fsa053a_002,FSA053A-002,BROADWAY SIGNAL REPLACEMENT,Roadway,Colorado / CDOT District 1,,FSA053A-002 BROADWAY SIGNAL REPLACEMENT,1259445.25
cdot_2024q4_fsa0661_017_project_1,cdot_2024q4_fsa0661_017,FSA0661-017,SH 66 AND WCR 21 WIDENING,Roadway,Colorado / CDOT District 4,,FSA0661-017 SH 66 AND WCR 21 WIDENING,2938959.50
cdot_2024q4_fsa070a_039_project_1,cdot_2024q4_fsa070a_039,FSA070A-039,I-70:CHIEF HOSA (MP 252.4) TO,Roadway,Colorado / CDOT District 1,,FSA070A-039 I-70:CHIEF HOSA (MP 252.4) TO,34726159.27
cdot_2024q4_fsa072a_051_project_1,cdot_2024q4_fsa072a_051,FSA072A-051,SH 72 AT 80TH AVE,Roadway,Colorado / CDOT District 1,,FSA072A-051 SH 72 AT 80TH AVE,614456.24
cdot_2024q4_fsa0851_012_project_1,cdot_2024q4_fsa0851_012,FSA0851-012,"US 85 & CARSON BLVD, FOUNTAIN,",Roadway,Colorado / CDOT District 2,,"FSA0851-012 US 85 & CARSON BLVD, FOUNTAIN,",2588099.25
cdot_2024q4_fsa2873_222_project_1,cdot_2024q4_fsa2873_222,FSA2873-222,FEDERAL BLVD (SH 287C): FROM 9,Roadway,Colorado / CDOT District 1,,FSA2873-222 FEDERAL BLVD (SH 287C): FROM 9,2895069.00
cdot_2024q4_fsa4701_135_project_1,cdot_2024q4_fsa4701_135,FSA4701-135,RAMP TERMINAL INTERSECTIONS OF,Roadway,Colorado / CDOT District 6,,FSA4701-135 RAMP TERMINAL INTERSECTIONS OF,6229334.71
cdot_2024q4_im0251_363_project_1,cdot_2024q4_im0251_363,IM0251-363,I25A SOUTH OF TRINIDAD SURFACE,Roadway,Colorado / CDOT District 2,,IM0251-363 I25A SOUTH OF TRINIDAD SURFACE,15844435.90
cdot_2024q4_im0251_364_project_1,cdot_2024q4_im0251_364,IM0251-364,I25A NORTH OF TRINIDAD SURFACE,Roadway,Colorado / CDOT District 2,,IM0251-364 I25A NORTH OF TRINIDAD SURFACE,22965972.10
cdot_2024q4_im0762_060_project_1,cdot_2024q4_im0762_060,IM0762-060,I-76 (MP 132.9-149.3),Roadway,Colorado / CDOT District 4,,IM0762-060 I-76 (MP 132.9-149.3),20899040.68
cdot_2024q4_itssw03_017_project_1,cdot_2024q4_itssw03_017,ITSSW03-017,STATEWIDE,Roadway,Colorado / CDOT District 0,,ITSSW03-017 STATEWIDE,3801536.05
cdot_2024q4_mtce076a_012_project_1,cdot_2024q4_mtce076a_012,MTCE076A-012,I-76 (I-70 TO LOCHBUIE),Roadway,Colorado / CDOT District 1,,MTCE076A-012 I-76 (I-70 TO LOCHBUIE),328376.56
cdot_2024q4_mtcer100_416_project_1,cdot_2024q4_mtcer100_416,MTCER100-416,VARIOUS LOCATIONS IN REGION 1,Roadway,Colorado / CDOT District 1,,MTCER100-416 VARIOUS LOCATIONS IN REGION 1,15719271.04
cdot_2024q4_mtcer200_292_project_1,cdot_2024q4_mtcer200_292,MTCER200-292,R2 VARIOUS HIGHWAYS AND COUNTI,Roadway,Colorado / CDOT District 2,,MTCER200-292 R2 VARIOUS HIGHWAYS AND COUNTI,2493062.25
cdot_2024q4_mtcer200_293_project_1,cdot_2024q4_mtcer200_293,MTCER200-293,PIKES PEAK AREA,Roadway,Colorado / CDOT District 2,,MTCER200-293 PIKES PEAK AREA,1848479.00
cdot_2024q4_mtcer200_295_project_1,cdot_2024q4_mtcer200_295,MTCER200-295,R2 VARIOUS HIGHWAYS AND COUNTI,Roadway,Colorado / CDOT District 2,,MTCER200-295 R2 VARIOUS HIGHWAYS AND COUNTI,497229.68
cdot_2024q4_mtcer200_298_project_1,cdot_2024q4_mtcer200_298,MTCER200-298,REGION 2 I25 DIFFERENT LOCATIO,Roadway,Colorado / CDOT District 2,,MTCER200-298 REGION 2 I25 DIFFERENT LOCATIO,637922.50
cdot_2024q4_mtcer300_277_project_1,cdot_2024q4_mtcer300_277,MTCER300-277,REGION 3 ROUNDABOUT SIGN REPLA,Roadway,Colorado / CDOT District 3,,MTCER300-277 REGION 3 ROUNDABOUT SIGN REPLA,566501.00
cdot_2024q4_mtcer300_281_project_1,cdot_2024q4_mtcer300_281,MTCER300-281,REGION 3 ROUNDABOUT STRIPING A,Roadway,Colorado / CDOT District 3,,MTCER300-281 REGION 3 ROUNDABOUT STRIPING A,555495.00
cdot_2024q4_mtcer300_282_project_1,cdot_2024q4_mtcer300_282,MTCER300-282,040A IN MOFFAT COUNTY,Roadway,Colorado / CDOT District 6,,MTCER300-282 040A IN MOFFAT COUNTY,436584.00
cdot_2024q4_mtcer300_283_project_1,cdot_2024q4_mtcer300_283,MTCER300-283,REGION 3 I70 SUMMIT COUNTY MP,Roadway,Colorado / CDOT District 6,,MTCER300-283 REGION 3 I70 SUMMIT COUNTY MP,505000.00
cdot_2024q4_mtcer300_286_project_1,cdot_2024q4_mtcer300_286,MTCER300-286,"REGION 3 STENCILS ON HWY 50,13",Roadway,Colorado / CDOT District 3,,"MTCER300-286 REGION 3 STENCILS ON HWY 50,13",443963.20
cdot_2024q4_mtcer300_287_project_1,cdot_2024q4_mtcer300_287,MTCER300-287,I-70 MP 180 - 205 MIDPOINT,Roadway,Colorado / CDOT District 3,,MTCER300-287 I-70 MP 180 - 205 MIDPOINT,1674070.30
cdot_2024q4_mtcer400_407_project_1,cdot_2024q4_mtcer400_407,MTCER400-407,I25 FRONTAGE ROAD MP 254-270,Roadway,Colorado / CDOT District 4,,MTCER400-407 I25 FRONTAGE ROAD MP 254-270,513949.00
cdot_2024q4_mtcer400_409_project_1,cdot_2024q4_mtcer400_409,MTCER400-409,VARIOUS LOCATIONS THROUGHOUT R,Roadway,Colorado / CDOT District 4,,MTCER400-409 VARIOUS LOCATIONS THROUGHOUT R,2893852.87
cdot_2024q4_mtcer500_225_project_1,cdot_2024q4_mtcer500_225,MTCER500-225,REGION 5,Roadway,Colorado / CDOT District 5,,MTCER500-225 REGION 5,1887265.00
cdot_2024q4_nh_050a_039_project_1,cdot_2024q4_nh_050a_039,NH 050A-039,LAS ANIMAS MP 397 TO MP 399.78,Roadway,Colorado / CDOT District 2,,NH 050A-039 LAS ANIMAS MP 397 TO MP 399.78,6154075.80
cdot_2024q4_nh0243_092_project_1,cdot_2024q4_nh0243_092,NH0243-092,US 24G - M.P 318.48 TO M.P 332,Roadway,Colorado / CDOT District 2,,NH0243-092 US 24G - M.P 318.48 TO M.P 332,8656532.96
cdot_2024q4_nh050a_041_project_1,cdot_2024q4_nh050a_041,NH050A-041,US 50C AND BAXTER RD,Roadway,Colorado / CDOT District 2,,NH050A-041 US 50C AND BAXTER RD,839815.13
cdot_2024q4_nh0853_089_project_1,cdot_2024q4_nh0853_089,NH0853-089,US 34 & US 85 INTERCHANGE IN G,Roadway,Colorado / CDOT District 4,,NH0853-089 US 34 & US 85 INTERCHANGE IN G,2595839.00
cdot_2024q4_nh2854_154_project_1,cdot_2024q4_nh2854_154,NH2854-154,US 285 FROM MP 220-228.8,Roadway,Colorado / CDOT District 2,,NH2854-154 US 285 FROM MP 220-228.8,12489799.57
cdot_2024q4_nhpp_0241_068_project_1,cdot_2024q4_nhpp_0241_068,NHPP 0241-068,US 24 BV SIGNALS BAYLOR DE PAU,Roadway,Colorado / CDOT District 5,,NHPP 0241-068 US 24 BV SIGNALS BAYLOR DE PAU,1419926.30
cdot_2024q4_nhpp0072_031_project_1,cdot_2024q4_nhpp0072_031,NHPP0072-031,BOULDER COUNTY,Roadway,Colorado / CDOT District 4,,NHPP0072-031 BOULDER COUNTY,3780958.22
cdot_2024q4_nhpp007a_027_project_1,cdot_2024q4_nhpp007a_027,NHPP007A-027,SH7 FROM I-25 TO US85,Roadway,Colorado / CDOT District 6,,NHPP007A-027 SH7 FROM I-25 TO US85,8951969.26
cdot_2024q4_nhpp0252_510_project_1,cdot_2024q4_nhpp0252_510,NHPP0252-510,NB I-25 EAST OF THE NB REST ST,Roadway,Colorado / CDOT District 1,,NHPP0252-510 NB I-25 EAST OF THE NB REST ST,2545678.10
cdot_2024q4_nhpp0252_516_project_1,cdot_2024q4_nhpp0252_516,NHPP0252-516,I-25 FROM MP 208.208.063 TO 21,Roadway,Colorado / CDOT District 6,,NHPP0252-516 I-25 FROM MP 208.208.063 TO 21,22026669.60
cdot_2024q4_nhpp0253_300_project_1,cdot_2024q4_nhpp0253_300,NHPP0253-300,I-25 SEGMENT 5 (MP 242.5 TO 25,Roadway,Colorado / CDOT District 4,,NHPP0253-300 I-25 SEGMENT 5 (MP 242.5 TO 25,27080430.33
cdot_2024q4_nhpp0253_301_project_1,cdot_2024q4_nhpp0253_301,NHPP0253-301,I-25 SEGMENT 5 (MP 242.5 TO 25,Roadway,Colorado / CDOT District 4,,NHPP0253-301 I-25 SEGMENT 5 (MP 242.5 TO 25,86099399.42
cdot_2024q4_nhpp0502_095_project_1,cdot_2024q4_nhpp0502_095,NHPP0502-095,US 50 ER CR-26,Roadway,Colorado / CDOT District 3,,NHPP0502-095 US 50 ER CR-26,5210290.65
cdot_2024q4_nhpp0502_097_project_1,cdot_2024q4_nhpp0502_097,NHPP0502-097,SH 50 TO SH 149 CR-25,Roadway,Colorado / CDOT District 3,,NHPP0502-097 SH 50 TO SH 149 CR-25,6944059.40
cdot_2024q4_nhpp053a_004_project_1,cdot_2024q4_nhpp053a_004,NHPP053A-004,SH 53 AND 62ND AVE,Roadway,Colorado / CDOT District 6,,NHPP053A-004 SH 53 AND 62ND AVE,124645.00
cdot_2024q4_nhpp0701_255_project_1,cdot_2024q4_nhpp0701_255,NHPP0701-255,I70 Exit 37 East Resurfacing,Roadway,Colorado / CDOT District 3,,NHPP0701-255 I70 Exit 37 East Resurfacing,8097729.83
cdot_2024q4_nhpp0702_417_project_1,cdot_2024q4_nhpp0702_417,NHPP0702-417,I70 MP 179-192 EAGLE COUNTY,Roadway,Colorado / CDOT District 3,,NHPP0702-417 I70 MP 179-192 EAGLE COUNTY,109544524.30
cdot_2024q4_nhpp0703_515_project_1,cdot_2024q4_nhpp0703_515,NHPP0703-515,I-70 TOP OF FLOYD HILL TO VETE,Roadway,Colorado / CDOT District 1,,NHPP0703-515 I-70 TOP OF FLOYD HILL TO VETE,99445094.69
cdot_2024q4_nhpp0703_516_project_1,cdot_2024q4_nhpp0703_516,NHPP0703-516,I-70 TOP OF FLOYD HILL TO VETE,Roadway,Colorado / CDOT District 1,,NHPP0703-516 I-70 TOP OF FLOYD HILL TO VETE,46780031.93
cdot_2024q4_nhpp070a_037_project_1,cdot_2024q4_nhpp070a_037,NHPP070A-037,I-70B SOUTH OF ROOD,Roadway,Colorado / CDOT District 3,,NHPP070A-037 I-70B SOUTH OF ROOD,19290622.35
cdot_2024q4_nhpp0821_117_project_1,cdot_2024q4_nhpp0821_117,NHPP0821-117,SH 82 MM 77.0-85.3 IN LAKE COU,Roadway,Colorado / CDOT District 3,,NHPP0821-117 SH 82 MM 77.0-85.3 IN LAKE COU,4919411.35
cdot_2024q4_nhpp0852_110_project_1,cdot_2024q4_nhpp0852_110,NHPP0852-110,US85(SANTA FE DR.):FLORIDA TO,Roadway,Colorado / CDOT District 6,,NHPP0852-110 US85(SANTA FE DR.):FLORIDA TO,3298573.72
cdot_2024q4_nhpp1602_165_project_1,cdot_2024q4_nhpp1602_165,NHPP1602-165,US 160 PAGOSA RECONSTRUCT,Roadway,Colorado / CDOT District 5,,NHPP1602-165 US 160 PAGOSA RECONSTRUCT,24625000.00
cdot_2024q4_nhpp1602_187_project_1,cdot_2024q4_nhpp1602_187,NHPP1602-187,US 160 TREASURE FALLS TO WC SU,Roadway,Colorado / CDOT District 5,,NHPP1602-187 US 160 TREASURE FALLS TO WC SU,12661159.85
cdot_2024q4_nhpp1603_036_project_1,cdot_2024q4_nhpp1603_036,NHPP1603-036,US 160 FT GARLAND SAFETY MITIG,Roadway,Colorado / CDOT District 5,,NHPP1603-036 US 160 FT GARLAND SAFETY MITIG,11153847.90
cdot_2024q4_nhpp2706_052_project_1,cdot_2024q4_nhpp2706_052,NHPP2706-052,I-270 YORK BRIDGE PREVENTATIVE,Roadway,Colorado / CDOT District 6,,NHPP2706-052 I-270 YORK BRIDGE PREVENTATIVE,784132.96
cdot_2024q4_nhpp2852_025_project_1,cdot_2024q4_nhpp2852_025,NHPP2852-025,US 285B MP 116-126.5 & US 550B,Roadway,Colorado / CDOT District 5,,NHPP2852-025 US 285B MP 116-126.5 & US 550B,1548999.00
cdot_2024q4_nhppr100_367_project_1,cdot_2024q4_nhppr100_367,NHPPR100-367,VARIOUS LOCATIONS IN R1 (HWY 1,Roadway,Colorado / CDOT District 1,,NHPPR100-367 VARIOUS LOCATIONS IN R1 (HWY 1,670297.00
cdot_2024q4_nhppr100_419_project_1,cdot_2024q4_nhppr100_419,NHPPR100-419,I-76 DAHLIA BRIDGE,Roadway,Colorado / CDOT District 6,,NHPPR100-419 I-76 DAHLIA BRIDGE,1173560.00
cdot_2024q4_pwq1211_105_project_1,cdot_2024q4_pwq1211_105,PWQ1211-105,12TH AND WADSWORTH SE QUADRANT,Roadway,Colorado / CDOT District 1,,PWQ1211-105 12TH AND WADSWORTH SE QUADRANT,535000.00
cdot_2024q4_she0361_128_project_1,cdot_2024q4_she0361_128,SHE0361-128,US 36 GUARDRAIL MP 12.9 TO 16.,Roadway,Colorado / CDOT District 4,,SHE0361-128 US 36 GUARDRAIL MP 12.9 TO 16.,1716817.00
cdot_2024q4_srpsw03_069_project_1,cdot_2024q4_srpsw03_069,SRPSW03-069,"CR U CR 31, BRUSH, MORGAN COUN",Roadway,Colorado / CDOT District 4,,"SRPSW03-069 CR U CR 31, BRUSH, MORGAN COUN",1016440.85
cdot_2024q4_sta0061_089_project_1,cdot_2024q4_sta0061_089,STA0061-089,US 6 EAST OF HOLYOKE,Roadway,Colorado / CDOT District 4,,STA0061-089 US 6 EAST OF HOLYOKE,9844371.10
cdot_2024q4_sta0141_029_project_1,cdot_2024q4_sta0141_029,STA0141-029,SH 14B CAMERON PASS EAST,Roadway,Colorado / CDOT District 4,,STA0141-029 SH 14B CAMERON PASS EAST,12879789.35
cdot_2024q4_sta0242_096_project_1,cdot_2024q4_sta0242_096,STA0242-096,"US24 TROUT CREEK, 67D@24A, ASP",Roadway,Colorado / CDOT District 2,,"STA0242-096 US24 TROUT CREEK, 67D@24A, ASP",1646566.34
cdot_2024q4_sta0853_087_project_1,cdot_2024q4_sta0853_087,STA0853-087,US 85 FROM 5TH ST. TO O ST. IN,Roadway,Colorado / CDOT District 4,,STA0853-087 US 85 FROM 5TH ST. TO O ST. IN,5282791.00
cdot_2024q4_sta119a_077_project_1,cdot_2024q4_sta119a_077,STA119A-077,CO 119 (MM 44.237-55.5),Roadway,Colorado / CDOT District 4,,STA119A-077 CO 119 (MM 44.237-55.5),72367207.93
cdot_2024q4_sta2873_229_project_1,cdot_2024q4_sta2873_229,STA2873-229,US 287 MP 354.71 TO MP 355.70,Roadway,Colorado / CDOT District 4,,STA2873-229 US 287 MP 354.71 TO MP 355.70,1764960.50
cdot_2024q4_ste_0402_095_project_1,cdot_2024q4_ste_0402_095,STE 0402-095,US 40 PASSING LANES MP 172.6,Roadway,Colorado / CDOT District 3,,STE 0402-095 US 40 PASSING LANES MP 172.6,5441723.08
cdot_2024q4_stm021a_008_project_1,cdot_2024q4_stm021a_008,STM021A-008,INTERSECTION OF SH21 AND AIRPO,Roadway,Colorado / CDOT District 2,,STM021A-008 INTERSECTION OF SH21 AND AIRPO,45965236.00
cdot_2024q4_stm0242_099_project_1,cdot_2024q4_stm0242_099,STM0242-099,US 24 FROM @ LAKE GEORGE TO WO,Roadway,Colorado / CDOT District 2,,STM0242-099 US 24 FROM @ LAKE GEORGE TO WO,12120993.88
cdot_2024q4_stm0403_070_project_1,cdot_2024q4_stm0403_070,STM0403-070,MP226.5 - MP 233.0 GRAND COUNT,Roadway,Colorado / CDOT District 3,,STM0403-070 MP226.5 - MP 233.0 GRAND COUNT,4822880.50
cdot_2024q4_stm059a_039_project_1,cdot_2024q4_stm059a_039,STM059A-039,CO59 (MP 0.05-9.05),Roadway,Colorado / CDOT District 4,,STM059A-039 CO59 (MP 0.05-9.05),4877179.80
cdot_2024q4_stm063a_017_project_1,cdot_2024q4_stm063a_017,STM063A-017,CO 63 AKRON NORTH AND SOUTH (M,Roadway,Colorado / CDOT District 4,,STM063A-017 CO 63 AKRON NORTH AND SOUTH (M,7902793.10
cdot_2024q4_stm067a_049_project_1,cdot_2024q4_stm067a_049,STM067A-049,SH 67 - MP 76.92 TO MP 78.20,Roadway,Colorado / CDOT District 2,,STM067A-049 SH 67 - MP 76.92 TO MP 78.20,7239314.94
cdot_2024q4_stm1151_041_project_1,cdot_2024q4_stm1151_041,STM1151-041,SH 115A - M.P. 46 TO M.P. 47.4,Roadway,Colorado / CDOT District 2,,STM1151-041 SH 115A - M.P. 46 TO M.P. 47.4,10390462.32
cdot_2024q4_str0211_029_project_1,cdot_2024q4_str0211_029,STR0211-029,"SH21A MP136.5, EAST OF GRINNEL",Roadway,Colorado / CDOT District 2,,"STR0211-029 SH21A MP136.5, EAST OF GRINNEL",1645388.86
cdot_2024q4_str0241_067_project_1,cdot_2024q4_str0241_067,STR0241-067,US 24 SOUTH OF MINTURN,Roadway,Colorado / CDOT District 3,,STR0241-067 US 24 SOUTH OF MINTURN,11244775.20
cdot_2024q4_str065a_026_project_1,cdot_2024q4_str065a_026,STR065A-026,SH 65 ORCHARD CITY S. MP 0-6.5,Roadway,Colorado / CDOT District 3,,STR065A-026 SH 65 ORCHARD CITY S. MP 0-6.5,4408676.50
cdot_2024q4_str0711_023_project_1,cdot_2024q4_str0711_023,STR0711-023,SH71C BETWEEN ROCKY FORD AND O,Roadway,Colorado / CDOT District 2,,STR0711-023 SH71C BETWEEN ROCKY FORD AND O,2321547.11
cdot_2024q4_str092a_029_project_1,cdot_2024q4_str092a_029,STR092A-029,SH92 Rogers Mesa Reconstruct P,Roadway,Colorado / CDOT District 3,,STR092A-029 SH92 Rogers Mesa Reconstruct P,12263410.53
cdot_2024q4_str1121_006_project_1,cdot_2024q4_str1121_006,STR1121-006,SH 112 BETWEEN DEL NORTE (US 1,Roadway,Colorado / CDOT District 5,,STR1121-006 SH 112 BETWEEN DEL NORTE (US 1,12655931.75
cdot_2024q4_str133a_056_project_1,cdot_2024q4_str133a_056,STR133A-056,SH 133A MM 42.0-66.5,Roadway,Colorado,,STR133A-056 SH 133A MM 42.0-66.5,2861920.65
cdot_2024q4_str1604_016_project_1,cdot_2024q4_str1604_016,STR1604-016,"US 160C, MP 423-451, IN LAS AN",Roadway,Colorado / CDOT District 2,,"STR1604-016 US 160C, MP 423-451, IN LAS AN",10791598.34
cdot_2024q4_strm175_040_project_1,cdot_2024q4_strm175_040,STRM175-040,FREMONT COUNTY IN R2,Roadway,Colorado / CDOT District 2,,STRM175-040 FREMONT COUNTY IN R2,423380.00
cdot_2024q4_strr200_290_project_1,cdot_2024q4_strr200_290,STRR200-290,"US 50B, CO 101A, CO 116, US 16",Roadway,Colorado / CDOT District 2,,"STRR200-290 US 50B, CO 101A, CO 116, US 16",1520811.25
cdot_2023q4_2670831_129_project_1,cdot_2023q4_2670831_129,2670831-129,SH 83 AT SH 88,Roadway,Colorado / CDOT District 1,,2670831-129 SH 83 AT SH 88,1094668.00
cdot_2023q4_brm322_040_project_1,cdot_2023q4_brm322_040,BRM322-040,US34 EAST OF LAIRD,Roadway,Colorado / CDOT District 4,,BRM322-040 US34 EAST OF LAIRD,7895616.07
cdot_2023q4_brm322_041_project_1,cdot_2023q4_brm322_041,BRM322-041,US 34 EAST OF LAIRD,Roadway,Colorado / CDOT District 4,,BRM322-041 US 34 EAST OF LAIRD,7895616.07
cdot_2023q4_c_0063_061_project_1,cdot_2023q4_c_0063_061,C 0063-061,"US6B MM 31 - MM 32.6, MESA COU",Roadway,Colorado / CDOT District 3,,"C 0063-061 US6B MM 31 - MM 32.6, MESA COU",2940328.00
cdot_2023q4_c_1601_086_project_1,cdot_2023q4_c_1601_086,C 1601-086,MAPLE & CHESTNUT SIGNALS AT IN,Roadway,Colorado / CDOT District 5,,C 1601-086 MAPLE & CHESTNUT SIGNALS AT IN,1634083.00
cdot_2023q4_c0342_066_project_1,cdot_2023q4_c0342_066,C0342-066,US 034A (MP 113-150),Roadway,Colorado / CDOT District 4,,C0342-066 US 034A (MP 113-150),558097.50
cdot_2023q4_c0701_226_project_1,cdot_2023q4_c0701_226,C0701-226,"OFF OF I-70, EXIT 105, AT THE",Roadway,Colorado / CDOT District 3,,"C0701-226 OFF OF I-70, EXIT 105, AT THE",6735433.99
cdot_2023q4_c0703_496_project_1,cdot_2023q4_c0703_496,C0703-496,I-70 FROM I-76 TO PECOS IN DEN,Roadway,Colorado / CDOT District 6,,C0703-496 I-70 FROM I-76 TO PECOS IN DEN,18405711.55
cdot_2023q4_c0703_498_project_1,cdot_2023q4_c0703_498,C0703-498,EISENHOWER JOHNSON MEMORIAL TU,Roadway,Colorado / CDOT District 1,,C0703-498 EISENHOWER JOHNSON MEMORIAL TU,6596527.00
cdot_2023q4_c0703_529_project_1,cdot_2023q4_c0703_529,C0703-529,EISENHOWER-JOHNSON MEMORIAL TU,Roadway,Colorado / CDOT District 1,,C0703-529 EISENHOWER-JOHNSON MEMORIAL TU,23979880.00
cdot_2023q4_c0881_036_project_1,cdot_2023q4_c0881_036,C0881-036,R1 CURB RAMPS-SH88B & US285D,Roadway,Colorado / CDOT District 6,,C0881-036 R1 CURB RAMPS-SH88B & US285D,2475000.00
cdot_2023q4_c133a_052_project_1,cdot_2023q4_c133a_052,C133A-052,SH 133 ROCKFALL N OF MCCLURE P,Roadway,Colorado / CDOT District 3,,C133A-052 SH 133 ROCKFALL N OF MCCLURE P,3896461.00
cdot_2023q4_c133a_055_project_1,cdot_2023q4_c133a_055,C133A-055,SH133 SLOPE STABILIZATION MP21,Roadway,Colorado / CDOT District 3,,C133A-055 SH133 SLOPE STABILIZATION MP21,3369252.14
cdot_2023q4_c133a_057_project_1,cdot_2023q4_c133a_057,C133A-057,SH 133 MP 16.2,Roadway,Colorado / CDOT District 3,,C133A-057 SH 133 MP 16.2,1982586.35
cdot_2023q4_c145a_082_project_1,cdot_2023q4_c145a_082,C145A-082,OPHIR,Roadway,Colorado / CDOT District 5,,C145A-082 OPHIR,2276811.91
cdot_2023q4_c1601_084_project_1,cdot_2023q4_c1601_084,C1601-084,US 160 SECTION3 PRIORITY CULVE,Roadway,Colorado / CDOT District 5,,C1601-084 US 160 SECTION3 PRIORITY CULVE,2095832.00
cdot_2023q4_c5502_110_project_1,cdot_2023q4_c5502_110,C5502-110,US550 MP 109.5 TO MP 116.5 IN,Roadway,Colorado / CDOT District 5,,C5502-110 US550 MP 109.5 TO MP 116.5 IN,7017550.00
cdot_2023q4_cr100_378_project_1,cdot_2023q4_cr100_378,CR100-378,US 285: US 85 TO SH 177,Roadway,Colorado / CDOT District 1,,CR100-378 US 285: US 85 TO SH 177,1202622.29
cdot_2023q4_cr400_393_project_1,cdot_2023q4_cr400_393,CR400-393,LONGMONT,Roadway,Colorado / CDOT District 4,,CR400-393 LONGMONT,1190000.00
cdot_2023q4_er0703_524_project_1,cdot_2023q4_er0703_524,ER0703-524,"STRUCTURE F-13-P, EB I-70 EXIT",Roadway,Colorado / CDOT District 1,,"ER0703-524 STRUCTURE F-13-P, EB I-70 EXIT",837006.00
cdot_2023q4_er4701_140_project_1,cdot_2023q4_er4701_140,ER4701-140,SH 470 AND PLATTE CANYON ROAD,Roadway,Colorado / CDOT District 1,,ER4701-140 SH 470 AND PLATTE CANYON ROAD,145553.23
cdot_2023q4_er4701_142_project_1,cdot_2023q4_er4701_142,ER4701-142,SH 470 OVER I-70 WB EMERGENCY,Roadway,Colorado / CDOT District 1,,ER4701-142 SH 470 OVER I-70 WB EMERGENCY,937989.00
cdot_2023q4_fbr061a_003_project_1,cdot_2023q4_fbr061a_003,FBR061A-003,CO 61 NORTH OF OTIS (MP 3.208-,Roadway,Colorado / CDOT District 4,,FBR061A-003 CO 61 NORTH OF OTIS (MP 3.208-,4185920.67
cdot_2023q4_fbr151a_012_project_1,cdot_2023q4_fbr151a_012,FBR151A-012,SH 151 MP 28.15 SOUTH OF CHIMN,Roadway,Colorado / CDOT District 5,,FBR151A-012 SH 151 MP 28.15 SOUTH OF CHIMN,3147379.00
cdot_2023q4_fsa025a_051_project_1,cdot_2023q4_fsa025a_051,FSA025A-051,MONUMENT,Roadway,Colorado / CDOT District 2,,FSA025A-051 MONUMENT,3897678.07
cdot_2023q4_fsa050a_032_project_1,cdot_2023q4_fsa050a_032,FSA050A-032,US50/SH115 INTERSECTION SW OFF,Roadway,Colorado / CDOT District 2,,FSA050A-032 US50/SH115 INTERSECTION SW OFF,2927948.35
cdot_2023q4_fsa0703_476_project_1,cdot_2023q4_fsa0703_476,FSA0703-476,EB I-70; MP 257. MT. VERNON EM,Roadway,Colorado / CDOT District 1,,FSA0703-476 EB I-70; MP 257. MT. VERNON EM,14948063.04
cdot_2023q4_fsa0761_240_project_1,cdot_2023q4_fsa0761_240,FSA0761-240,I-76 CABLE RAIL MP 72-91,Roadway,Colorado / CDOT District 4,,FSA0761-240 I-76 CABLE RAIL MP 72-91,7525598.82
cdot_2023q4_fsa0852_125_project_1,cdot_2023q4_fsa0852_125,FSA0852-125,AT THE INTERSECTION OF US-85 A,Roadway,Colorado / CDOT District 1,,FSA0852-125 AT THE INTERSECTION OF US-85 A,1141961.90
cdot_2023q4_fsa0853_123_project_1,cdot_2023q4_fsa0853_123,FSA0853-123,US 85 AND WCR 66 LEFT TURN ACC,Roadway,Colorado / CDOT District 4,,FSA0853-123 US 85 AND WCR 66 LEFT TURN ACC,1223303.25
cdot_2023q4_fsa392a_021_project_1,cdot_2023q4_fsa392a_021,FSA392A-021,CO 392B MP 109.26 TO 121.59,Roadway,Colorado / CDOT District 4,,FSA392A-021 CO 392B MP 109.26 TO 121.59,517741.00
cdot_2023q4_fsac020_051_project_1,cdot_2023q4_fsac020_051,FSAC020-051,US50&CO231 PUEBLO COUNTY,Roadway,Colorado / CDOT District 2,,FSAC020-051 US50&CO231 PUEBLO COUNTY,1291761.85
cdot_2023q4_im0251_357_project_1,cdot_2023q4_im0251_357,IM0251-357,"COLORADO CITY, PUEBLO COUNTY",Roadway,Colorado / CDOT District 2,,"IM0251-357 COLORADO CITY, PUEBLO COUNTY",21867076.31
cdot_2023q4_im0251_362_project_1,cdot_2023q4_im0251_362,IM0251-362,I-25A PUEBLO MP 92-102.6,Roadway,Colorado / CDOT District 2,,IM0251-362 I-25A PUEBLO MP 92-102.6,15810821.36
cdot_2023q4_im0252_497_project_1,cdot_2023q4_im0252_497,IM0252-497,I-25 MP119.3 TO MP124.2,Roadway,Colorado / CDOT District 2,,IM0252-497 I-25 MP119.3 TO MP124.2,9459567.99
cdot_2023q4_its070a_041_project_1,cdot_2023q4_its070a_041,ITS070A-041,I-70 (GRAND JUNCTION TO GLENWO,Roadway,Colorado / CDOT District 0,,ITS070A-041 I-70 (GRAND JUNCTION TO GLENWO,2515075.00
cdot_2023q4_mtce_0704_259_project_1,cdot_2023q4_mtce_0704_259,MTCE 0704-259,I70 ARAPAHOE COUNTY MP 305-325,Roadway,Colorado / CDOT District 6,,MTCE 0704-259 I70 ARAPAHOE COUNTY MP 305-325,1388960.34
cdot_2023q4_mtce0702_432_project_1,cdot_2023q4_mtce0702_432,MTCE0702-432,I70 SUMMIT COUNTY VAIL PASS RE,Roadway,Colorado / CDOT District 6,,MTCE0702-432 I70 SUMMIT COUNTY VAIL PASS RE,2887896.79
cdot_2023q4_mtce072a_050_project_1,cdot_2023q4_mtce072a_050,MTCE072A-050,SH72B BOULDER COUNTY NORTH OF,Roadway,Colorado / CDOT District 6,,MTCE072A-050 SH72B BOULDER COUNTY NORTH OF,1348751.90
cdot_2023q4_mtce1191_042_project_1,cdot_2023q4_mtce1191_042,MTCE1191-042,SH119 AT SH52 (MINERAL ROAD),Roadway,Colorado / CDOT District 4,,MTCE1191-042 SH119 AT SH52 (MINERAL ROAD),145265.11
cdot_2023q4_mtcer200_285_project_1,cdot_2023q4_mtcer200_285,MTCER200-285,PUEBLO PROGRAM AREA,Roadway,Colorado / CDOT District 2,,MTCER200-285 PUEBLO PROGRAM AREA,1222402.00
cdot_2023q4_mtcer200_286_project_1,cdot_2023q4_mtcer200_286,MTCER200-286,R2 VARIOUS HIGHWAYS AND COUNTI,Roadway,Colorado / CDOT District 2,,MTCER200-286 R2 VARIOUS HIGHWAYS AND COUNTI,4074430.23
cdot_2023q4_mtcer300_274_project_1,cdot_2023q4_mtcer300_274,MTCER300-274,REGION 3 STENCILS ON HWY 82 AN,Roadway,Colorado / CDOT District 3,,MTCER300-274 REGION 3 STENCILS ON HWY 82 AN,438107.00
cdot_2023q4_mtcer300_276_project_1,cdot_2023q4_mtcer300_276,MTCER300-276,"I-70 MM 116-207, US 6F MM 208.",Roadway,Colorado / CDOT District 3,,"MTCER300-276 I-70 MM 116-207, US 6F MM 208.",2546291.82
cdot_2023q4_mtcer400_403_project_1,cdot_2023q4_mtcer400_403,MTCER400-403,REGION 4,Roadway,Colorado / CDOT District 4,,MTCER400-403 REGION 4,3295983.80
cdot_2023q4_mtcer400_405_project_1,cdot_2023q4_mtcer400_405,MTCER400-405,VARIOUS ACROSS R4 SE,Roadway,Colorado / CDOT District 4,,MTCER400-405 VARIOUS ACROSS R4 SE,1066564.50
cdot_2023q4_mtcer500_221_project_1,cdot_2023q4_mtcer500_221,MTCER500-221,REGION 5,Roadway,Colorado / CDOT District 5,,MTCER500-221 REGION 5,2089265.00
cdot_2023q4_nh0361_121_project_1,cdot_2023q4_nh0361_121,NH0361-121,US 34/36 RESURFACING ESTES PA,Roadway,Colorado / CDOT District 4,,NH0361-121 US 34/36 RESURFACING ESTES PA,6056197.46
cdot_2023q4_nh0501_074_project_1,cdot_2023q4_nh0501_074,NH0501-074,US50A RESURFACING COALDALE TO,Roadway,Colorado / CDOT District 2,,NH0501-074 US50A RESURFACING COALDALE TO,15506616.60
cdot_2023q4_nh050a_030_project_1,cdot_2023q4_nh050a_030,NH050A-030,US 50B DRAINAGE IMPROVEMENTS I,Roadway,Colorado / CDOT District 2,,NH050A-030 US 50B DRAINAGE IMPROVEMENTS I,1747562.65
cdot_2023q4_nhm240_213_project_1,cdot_2023q4_nhm240_213,NHM240-213,US24 MP 300-303.84 EL PASO COU,Roadway,Colorado / CDOT District 2,,NHM240-213 US24 MP 300-303.84 EL PASO COU,1105958.30
cdot_2023q4_nhpp_0705_089_project_1,cdot_2023q4_nhpp_0705_089,NHPP 0705-089,I-70 PKG: Bethune E and W & Bu,Roadway,Colorado / CDOT District 4,,NHPP 0705-089 I-70 PKG: Bethune E and W & Bu,36536568.67
cdot_2023q4_nhpp_r100_376_project_1,cdot_2023q4_nhpp_r100_376,NHPP R100-376,VARIOUS LOCATIONS IN REGION 1,Roadway,Colorado / CDOT District 1,,NHPP R100-376 VARIOUS LOCATIONS IN REGION 1,2924208.00
cdot_2023q4_nhpp0253_290_project_1,cdot_2023q4_nhpp0253_290,NHPP0253-290,I25 @ 58TH AND 62ND,Roadway,Colorado / CDOT District 6,,NHPP0253-290 I25 @ 58TH AND 62ND,4128231.00
cdot_2023q4_nhpp0253_296_project_1,cdot_2023q4_nhpp0253_296,NHPP0253-296,I-25 @ LCR 16 (MP 253.8-254.5),Roadway,Colorado / CDOT District 4,,NHPP0253-296 I-25 @ LCR 16 (MP 253.8-254.5),3507949.39
cdot_2023q4_nhpp0402_105_project_1,cdot_2023q4_nhpp0402_105,NHPP0402-105,"US 40 MP 130.5 TO MP 133.5, RO",Roadway,Colorado / CDOT District 3,,"NHPP0402-105 US 40 MP 130.5 TO MP 133.5, RO",2200000.00
cdot_2023q4_nhpp0403_068_project_1,cdot_2023q4_nhpp0403_068,NHPP0403-068,US 40 BERTHOUD PASS WEST RESUR,Roadway,Colorado / CDOT District 3,,NHPP0403-068 US 40 BERTHOUD PASS WEST RESUR,7389041.25
cdot_2023q4_nhpp0405_041_project_1,cdot_2023q4_nhpp0405_041,NHPP0405-041,US 40/287 & CR 109 Hugo Inters,Roadway,Colorado / CDOT District 4,,NHPP0405-041 US 40/287 & CR 109 Hugo Inters,916269.00
cdot_2023q4_nhpp0501_078_project_1,cdot_2023q4_nhpp0501_078,NHPP0501-078,MESA COUNTY,Roadway,Colorado / CDOT District 3,,NHPP0501-078 MESA COUNTY,14264485.27
cdot_2023q4_nhpp0701_250_project_1,cdot_2023q4_nhpp0701_250,NHPP0701-250,"I-70B: DDI TO 24 RD, MAIN ST T",Roadway,Colorado / CDOT District 3,,"NHPP0701-250 I-70B: DDI TO 24 RD, MAIN ST T",9490148.53
cdot_2023q4_nhpp0701_256_project_1,cdot_2023q4_nhpp0701_256,NHPP0701-256,I-70B/31.5 RD MESA COUNTY,Roadway,Colorado / CDOT District 3,,NHPP0701-256 I-70B/31.5 RD MESA COUNTY,545861.50
cdot_2023q4_nhpp0702_412_project_1,cdot_2023q4_nhpp0702_412,NHPP0702-412,I-70 MM 169.5-171.5,Roadway,Colorado / CDOT District 3,,NHPP0702-412 I-70 MM 169.5-171.5,4029066.80
cdot_2023q4_nhpp0703_490_project_1,cdot_2023q4_nhpp0703_490,NHPP0703-490,I-70 SILVERTHORNE TO EJMT PHAS,Roadway,Colorado / CDOT District 3,,NHPP0703-490 I-70 SILVERTHORNE TO EJMT PHAS,7922323.51
cdot_2023q4_nhpp0703_505_project_1,cdot_2023q4_nhpp0703_505,NHPP0703-505,EB I-70 FROM MP 223 TO MP 228.,Roadway,Colorado / CDOT District 1,,NHPP0703-505 EB I-70 FROM MP 223 TO MP 228.,17339986.92
cdot_2023q4_nhpp0703_514_project_1,cdot_2023q4_nhpp0703_514,NHPP0703-514,I-70 TOP OF FLOYD HILL TO JOHN,Roadway,Colorado / CDOT District 1,,NHPP0703-514 I-70 TOP OF FLOYD HILL TO JOHN,61199702.96
cdot_2023q4_nhpp0821_116_project_1,cdot_2023q4_nhpp0821_116,NHPP0821-116,SH 82 MP 26 - MP 33 IN PITKIN,Roadway,Colorado / CDOT District 3,,NHPP0821-116 SH 82 MP 26 - MP 33 IN PITKIN,7750316.10
cdot_2023q4_nhpp1211_101_project_1,cdot_2023q4_nhpp1211_101,NHPP1211-101,US 6 AT WADSWORTH BLVD (SH 121,Roadway,Colorado / CDOT District 1,,NHPP1211-101 US 6 AT WADSWORTH BLVD (SH 121,11696658.61
cdot_2023q4_nhpp1601_075_project_1,cdot_2023q4_nhpp1601_075,NHPP1601-075,US 160 MP 0.2 to MP 7.5,Roadway,Colorado / CDOT District 5,,NHPP1601-075 US 160 MP 0.2 to MP 7.5,1700753.00
cdot_2023q4_nhpp1601_087_project_1,cdot_2023q4_nhpp1601_087,NHPP1601-087,US 160 Mancos (MP 56.05) to Ye,Roadway,Colorado / CDOT District 5,,NHPP1601-087 US 160 Mancos (MP 56.05) to Ye,4806630.45
cdot_2023q4_nhppr100_381_project_1,cdot_2023q4_nhppr100_381,NHPPR100-381,VARIOUS,Roadway,Colorado / CDOT District 6,,NHPPR100-381 VARIOUS,827919.93
cdot_2023q4_nhppr100_383_project_1,cdot_2023q4_nhppr100_383,NHPPR100-383,I70 OVER WASHINGTON ST,Roadway,Colorado / CDOT District 1,,NHPPR100-383 I70 OVER WASHINGTON ST,1850028.00
cdot_2023q4_nhppr100_395_project_1,cdot_2023q4_nhppr100_395,NHPPR100-395,I-270 MISCELLANEOUS BRIDGES,Roadway,Colorado / CDOT District 6,,NHPPR100-395 I-270 MISCELLANEOUS BRIDGES,4923812.70
cdot_2023q4_sftyr200_277_project_1,cdot_2023q4_sftyr200_277,SFTYR200-277,"REGION 2 WIDE, VARIOUS HWY & C",Roadway,Colorado / CDOT District 2,,"SFTYR200-277 REGION 2 WIDE, VARIOUS HWY & C",1636786.00
cdot_2023q4_she030a_041_project_1,cdot_2023q4_she030a_041,SHE030A-041,SH30 @ HAMPDEN TURN LANE,Roadway,Colorado / CDOT District 1,,SHE030A-041 SH30 @ HAMPDEN TURN LANE,1186600.16
cdot_2023q4_she067a_044_project_1,cdot_2023q4_she067a_044,SHE067A-044,SH 67F M.P. 56.5-57.6 AND SH 6,Roadway,Colorado / CDOT District 2,,SHE067A-044 SH 67F M.P. 56.5-57.6 AND SH 6,2021561.69
cdot_2023q4_she0702_405_project_1,cdot_2023q4_she0702_405,SHE0702-405,I-70 DOWD CANYON VSL MP 169-17,Roadway,Colorado / CDOT District 3,,SHE0702-405 I-70 DOWD CANYON VSL MP 169-17,4956044.15
cdot_2023q4_she0831_128_project_1,cdot_2023q4_she0831_128,SHE0831-128,SH 83 DOUGLAS COUNTY AND US 28,Roadway,Colorado / CDOT District 1,,SHE0831-128 SH 83 DOUGLAS COUNTY AND US 28,414867.88
cdot_2023q4_she0881_035_project_1,cdot_2023q4_she0881_035,SHE0881-035,"SH 88, BELLEVIEW AVE FROM MP 7",Roadway,Colorado / CDOT District 1,,"SHE0881-035 SH 88, BELLEVIEW AVE FROM MP 7",1898279.00
cdot_2023q4_sher100_392_project_1,cdot_2023q4_sher100_392,SHER100-392,VARIOUS LOCATIONS IN REGION 1,Roadway,Colorado / CDOT District 1,,SHER100-392 VARIOUS LOCATIONS IN REGION 1,2299436.00
cdot_2023q4_sta0253_293_project_1,cdot_2023q4_sta0253_293,STA0253-293,I-25 MM 269-282,Roadway,Colorado / CDOT District 4,,STA0253-293 I-25 MM 269-282,11942392.41
cdot_2023q4_sta052a_055_project_1,cdot_2023q4_sta052a_055,STA052A-055,SH 52 MP (29.2-36.9),Roadway,Colorado / CDOT District 4,,STA052A-055 SH 52 MP (29.2-36.9),5486435.90
cdot_2023q4_sta066a_008_project_1,cdot_2023q4_sta066a_008,STA066A-008,SH 66 @ WCR 7,Roadway,Colorado / CDOT District 4,,STA066A-008 SH 66 @ WCR 7,2330855.24
cdot_2023q4_sta1381_011_project_1,cdot_2023q4_sta1381_011,STA1381-011,SH 138 STERLING NORTH PART 2,Roadway,Colorado / CDOT District 4,,STA1381-011 SH 138 STERLING NORTH PART 2,12796063.70
cdot_2023q4_sta172a_022_project_1,cdot_2023q4_sta172a_022,STA172A-022,SH 172 IGNACIO TO ELMORE'S COR,Roadway,Colorado / CDOT District 5,,STA172A-022 SH 172 IGNACIO TO ELMORE'S COR,14126484.41
cdot_2023q4_sta257a_008_project_1,cdot_2023q4_sta257a_008,STA257A-008,SH 257 WINDSOR RESURFACING,Roadway,Colorado / CDOT District 4,,STA257A-008 SH 257 WINDSOR RESURFACING,6035626.55
cdot_2023q4_sta2854_155_project_1,cdot_2023q4_sta2854_155,STA2854-155,US285 – BAILEY – PARK COUNTY,Roadway,Colorado / CDOT District 2,,STA2854-155 US285 – BAILEY – PARK COUNTY,2131163.07
cdot_2023q4_star400_399_project_1,cdot_2023q4_star400_399,STAR400-399,"US 34, 40, & BOULDER CTY",Roadway,Colorado / CDOT District 4,,"STAR400-399 US 34, 40, & BOULDER CTY",2989418.49
cdot_2023q4_star500_216_project_1,cdot_2023q4_star500_216,STAR500-216,"US 160 (MP 173.7,176.6,276.7),",Roadway,Colorado / CDOT District 5,,"STAR500-216 US 160 (MP 173.7,176.6,276.7),",4523363.45
cdot_2023q4_stm_c440_013_project_1,cdot_2023q4_stm_c440_013,STM C440-013,R3 EAGLE RESIDENCY ADA RAMP IM,Roadway,Colorado / CDOT District 3,,STM C440-013 R3 EAGLE RESIDENCY ADA RAMP IM,715000.00
cdot_2023q4_stm0252_484_project_1,cdot_2023q4_stm0252_484,STM0252-484,I-25 THRU COLORADO SPRINGS MP,Roadway,Colorado / CDOT District 2,,STM0252-484 I-25 THRU COLORADO SPRINGS MP,49068138.24
cdot_2023q4_stm0471_103_project_1,cdot_2023q4_stm0471_103,STM0471-103,"PUEBLO, CO",Roadway,Colorado / CDOT District 2,,"STM0471-103 PUEBLO, CO",1848693.00
cdot_2023q4_stm061a_002_project_1,cdot_2023q4_stm061a_002,STM061A-002,CO 61A (MP 32.2-40.973),Roadway,Colorado / CDOT District 4,,STM061A-002 CO 61A (MP 32.2-40.973),6657728.10
cdot_2023q4_stmm240_178_project_1,cdot_2023q4_stmm240_178,STMM240-178,COLORADO SPRINGS METRO ADA,Roadway,Colorado / CDOT District 2,,STMM240-178 COLORADO SPRINGS METRO ADA,2240000.00
cdot_2023q4_stmr200_275_project_1,cdot_2023q4_stmr200_275,STMR200-275,PUEBLO COUNTY,Roadway,Colorado / CDOT District 2,,STMR200-275 PUEBLO COUNTY,244433.00
cdot_2023q4_str0131_069_project_1,cdot_2023q4_str0131_069,STR0131-069,SH13 MP 64.17-79.10 IN MOFFAT,Roadway,Colorado / CDOT District 3,,STR0131-069 SH13 MP 64.17-79.10 IN MOFFAT,13570489.25
cdot_2023q4_str065a_024_project_1,cdot_2023q4_str065a_024,STR065A-024,SH 65 MP 48.0 TO 61.376 AND SH,Roadway,Colorado / CDOT District 3,,STR065A-024 SH 65 MP 48.0 TO 61.376 AND SH,2497837.00
cdot_2023q4_str069a_035_project_1,cdot_2023q4_str069a_035,STR069A-035,SH 69 SAFETY IMPROVEMENTS,Roadway,Colorado / CDOT District 2,,STR069A-035 SH 69 SAFETY IMPROVEMENTS,4977656.25
cdot_2023q4_str194a_002_project_1,cdot_2023q4_str194a_002,STR194A-002,SH194A SUR. TREAT.& DRAI IMP M,Roadway,Colorado / CDOT District 2,,STR194A-002 SH194A SUR. TREAT.& DRAI IMP M,5695695.99
cdot_2023q4_str2871_040_project_1,cdot_2023q4_str2871_040,STR2871-040,US 287 MP 0.0 TO MP 122 VARIOU,Roadway,Colorado / CDOT District 2,,STR2871-040 US 287 MP 0.0 TO MP 122 VARIOU,1853073.44
cdot_2023q4_strr200_287_project_1,cdot_2023q4_strr200_287,STRR200-287,I-25A SOUTH OF PUEBLO & SH 12,Roadway,Colorado / CDOT District 2,,STRR200-287 I-25A SOUTH OF PUEBLO & SH 12,1814282.00
cdot_2023q4_strr300_265_project_1,cdot_2023q4_strr300_265,STRR300-265,MOUNTAIN RE FY23 CRACK SEALS,Roadway,Colorado / CDOT District 3,,STRR300-265 MOUNTAIN RE FY23 CRACK SEALS,1194545.00
cdot_2023q4_stu119a_071_project_1,cdot_2023q4_stu119a_071,STU119A-071,SH:119 MP 22.750 - 25.754,Roadway,Colorado / CDOT District 4,,STU119A-071 SH:119 MP 22.750 - 25.754,6877563.45
cdot_2022q4_2670403_065_project_1,cdot_2022q4_2670403_065,2670403-065,US40_FLOYD HILL ROUNDABOUTS,Roadway,Colorado / CDOT District 1,,2670403-065 US40_FLOYD HILL ROUNDABOUTS,9157473.00
cdot_2022q4_2670703_479_project_1,cdot_2022q4_2670703_479,2670703-479,I-70 BRIDGE OVER HARLAN,Roadway,Colorado / CDOT District 1,,2670703-479 I-70 BRIDGE OVER HARLAN,17879000.00
cdot_2022q4_2670703_487_project_1,cdot_2022q4_2670703_487,2670703-487,I-70 BRIDGES OVER WARD ROAD- B,Roadway,Colorado / CDOT District 1,,2670703-487 I-70 BRIDGES OVER WARD ROAD- B,16387878.20
cdot_2022q4_2670703_497_project_1,cdot_2022q4_2670703_497,2670703-497,I-70_GENESEE WILDLIFE XING,Roadway,Colorado / CDOT District 1,,2670703-497 I-70_GENESEE WILDLIFE XING,9900432.72
cdot_2022q4_br012a_048_project_1,cdot_2022q4_br012a_048,BR012A-048,CO 12 STRUCTURE P-17-F AT MP 4,Roadway,Colorado / CDOT District 2,,BR012A-048 CO 12 STRUCTURE P-17-F AT MP 4,4696233.75
cdot_2022q4_br0343_046_project_1,cdot_2022q4_br0343_046,BR0343-046,US 34 TIMBER BRIDGE REPL. PKG.,Roadway,Colorado / CDOT District 4,,BR0343-046 US 34 TIMBER BRIDGE REPL. PKG.,4432957.09
cdot_2022q4_br2854_148_project_1,cdot_2022q4_br2854_148,BR2854-148,INTERSECTION OF US 285 & SH 9,Roadway,Colorado / CDOT District 2,,BR2854-148 INTERSECTION OF US 285 & SH 9,24091000.00
cdot_2022q4_brc040_057_project_1,cdot_2022q4_brc040_057,BRC040-057,,Roadway,Colorado / CDOT District 2,,BRC040-057,4120979.48
cdot_2022q4_c0703_499_project_1,cdot_2022q4_c0703_499,C0703-499,EJMT GROUT BED REPAIR AND PANE,Roadway,Colorado / CDOT District 1,,C0703-499 EJMT GROUT BED REPAIR AND PANE,1341361.00
cdot_2022q4_c0761_239_project_1,cdot_2022q4_c0761_239,C0761-239,,Roadway,Colorado / CDOT District 1,,C0761-239,25426004.45
cdot_2022q4_c0762_055_project_1,cdot_2022q4_c0762_055,C0762-055,,Roadway,Colorado / CDOT District 4,,C0762-055,13997628.23
cdot_2022q4_c0831_126_project_1,cdot_2022q4_c0831_126,C0831-126,SH83 EL PASO COUNTY TO BAYOU G,Roadway,Colorado / CDOT District 1,,C0831-126 SH83 EL PASO COUNTY TO BAYOU G,512963.00
cdot_2022q4_c0852_120_project_1,cdot_2022q4_c0852_120,C0852-120,Rehabilitation of Culvert by s,Roadway,Colorado / CDOT District 1,,C0852-120 Rehabilitation of Culvert by s,749206.00
cdot_2022q4_c1211_099_project_1,cdot_2022q4_c1211_099,C1211-099,SH 121 NORTH SGA SIGNALS,Roadway,Colorado / CDOT District 1,,C1211-099 SH 121 NORTH SGA SIGNALS,3855000.00
cdot_2022q4_c170a_002_project_1,cdot_2022q4_c170a_002,C170A-002,CRITICAL CULVERT CONST. PKG D,Roadway,Colorado / CDOT District 4,,C170A-002 CRITICAL CULVERT CONST. PKG D,679000.00
cdot_2022q4_c5502_097_project_1,cdot_2022q4_c5502_097,C5502-097,US550 MP 117.28-126.06,Roadway,Colorado / CDOT District 3,,C5502-097 US550 MP 117.28-126.06,18991815.84
cdot_2022q4_c5502_111_project_1,cdot_2022q4_c5502_111,C5502-111,US 550 MP 81 AND 89 RED MOUNTA,Roadway,Colorado / CDOT District 5,,C5502-111 US 550 MP 81 AND 89 RED MOUNTA,744942.00
cdot_2022q4_cc030_081_project_1,cdot_2022q4_cc030_081,CC030-081,ADA RAMP AND CURBS - FT. LUPTO,Roadway,Colorado / CDOT District 4,,CC030-081 ADA RAMP AND CURBS - FT. LUPTO,2035000.00
cdot_2022q4_cm760_047_project_1,cdot_2022q4_cm760_047,CM760-047,COLFAX AND QUAIL,Roadway,Colorado / CDOT District 1,,CM760-047 COLFAX AND QUAIL,706289.00
cdot_2022q4_cr100_362_project_1,cdot_2022q4_cr100_362,CR100-362,,Roadway,Colorado / CDOT District 1,,CR100-362,4644427.21
cdot_2022q4_er007a_035_project_1,cdot_2022q4_er007a_035,ER007A-035,,Roadway,Colorado / CDOT District 4,,ER007A-035,5520588.70
cdot_2022q4_er0253_297_project_1,cdot_2022q4_er0253_297,ER0253-297,WCR 34 BRIDGE OVER I-25(MM 245,Roadway,Colorado / CDOT District 4,,ER0253-297 WCR 34 BRIDGE OVER I-25(MM 245,224907.20
cdot_2022q4_er0502_092_project_1,cdot_2022q4_er0502_092,ER0502-092,US 50 MP 204 EB MONARCH TRUCK,Roadway,Colorado / CDOT District 5,,ER0502-092 US 50 MP 204 EB MONARCH TRUCK,1024007.51
cdot_2022q4_er0702_420_project_1,cdot_2022q4_er0702_420,ER0702-420,PR I-70 GWC MATERIAL FLOWS 202,Roadway,Colorado / CDOT District 3,,ER0702-420 PR I-70 GWC MATERIAL FLOWS 202,3888046.00
cdot_2022q4_fbr0343_047_project_1,cdot_2022q4_fbr0343_047,FBR0343-047,US 6/US 34 TIMBER BRIDGE REPL.,Roadway,Colorado / CDOT District 4,,FBR0343-047 US 6/US 34 TIMBER BRIDGE REPL.,4432957.09
cdot_2022q4_fbr0702_423_project_1,cdot_2022q4_fbr0702_423,FBR0702-423,VAIL PASS AUX BE F-12-AT PHASE,Roadway,Colorado / CDOT District 3,,FBR0702-423 VAIL PASS AUX BE F-12-AT PHASE,47957757.02
cdot_2022q4_fbr0761_236_project_1,cdot_2022q4_fbr0761_236,FBR0761-236,I-76 OVER CLR CRK SCOUR MIT,Roadway,Colorado / CDOT District 1,,FBR0761-236 I-76 OVER CLR CRK SCOUR MIT,1677136.45
cdot_2022q4_fsa052a_046_project_1,cdot_2022q4_fsa052a_046,FSA052A-046,SH52 WCR 37 INTERSECTION IMPRO,Roadway,Colorado / CDOT District 4,,FSA052A-046 SH52 WCR 37 INTERSECTION IMPRO,3098847.35
cdot_2022q4_fsa052a_057_project_1,cdot_2022q4_fsa052a_057,FSA052A-057,SH52 BOX CULVERT EXTENSION (MP,Roadway,Colorado / CDOT District 4,,FSA052A-057 SH52 BOX CULVERT EXTENSION (MP,704678.03
cdot_2022q4_fsa0702_409_project_1,cdot_2022q4_fsa0702_409,FSA0702-409,I-70 VAIL WILDLIFE FENCE PHASE,Roadway,Colorado / CDOT District 3,,FSA0702-409 I-70 VAIL WILDLIFE FENCE PHASE,3032752.00
cdot_2022q4_fsa0853_122_project_1,cdot_2022q4_fsa0853_122,FSA0853-122,"WCR14.5 AND US-85, FORT LUPTON",Roadway,Colorado / CDOT District 4,,"FSA0853-122 WCR14.5 AND US-85, FORT LUPTON",289870.00
cdot_2022q4_fsa3921_019_project_1,cdot_2022q4_fsa3921_019,FSA3921-019,SH 392 AND WCR 55 ISLANDS,Roadway,Colorado / CDOT District 4,,FSA3921-019 SH 392 AND WCR 55 ISLANDS,174037.00
cdot_2022q4_fsam240_200_project_1,cdot_2022q4_fsam240_200,FSAM240-200,SH21B CO SPRINGS SIGNAL REPLAC,Roadway,Colorado / CDOT District 2,,FSAM240-200 SH21B CO SPRINGS SIGNAL REPLAC,2720098.85
cdot_2022q4_im025a_050_project_1,cdot_2022q4_im025a_050,IM025A-050,I25-MP103.9 - INTERSECTION DRE,Roadway,Colorado / CDOT District 2,,IM025A-050 I25-MP103.9 - INTERSECTION DRE,10512989.35
cdot_2022q4_its_0741_024_project_1,cdot_2022q4_its_0741_024,ITS 0741-024,VMS SIGN INSTALLATIONS AND VSL,Roadway,Colorado / CDOT District 1,,ITS 0741-024 VMS SIGN INSTALLATIONS AND VSL,2152940.00
cdot_2022q4_its0703_477_project_1,cdot_2022q4_its0703_477,ITS0703-477,ITS EQUIPMENT UPGRADE AT EJMT,Roadway,Colorado / CDOT District 00,,ITS0703-477 ITS EQUIPMENT UPGRADE AT EJMT,8447636.00
cdot_2022q4_m_r100_351_project_1,cdot_2022q4_m_r100_351,M R100-351,FY22 R1 SIGN STRUCTURE REPLACE,Roadway,Colorado / CDOT District 1,,M R100-351 FY22 R1 SIGN STRUCTURE REPLACE,1217455.60
cdot_2022q4_mp0503_098_project_1,cdot_2022q4_mp0503_098,MP0503-098,,Roadway,Colorado / CDOT District 2,,MP0503-098,646748.00
cdot_2022q4_mpr200_278_project_1,cdot_2022q4_mpr200_278,MPR200-278,R2 - VARIOUS LOCATIONS,Roadway,Colorado / CDOT District 2,,MPR200-278 R2 - VARIOUS LOCATIONS,2824931.56
cdot_2022q4_mpr200_279_project_1,cdot_2022q4_mpr200_279,MPR200-279,FY 23 STENCIL MARKING PROJECT,Roadway,Colorado / CDOT District 2,,MPR200-279 FY 23 STENCIL MARKING PROJECT,448255.86
cdot_2022q4_mpr200_280_project_1,cdot_2022q4_mpr200_280,MPR200-280,PUEBLO AREA,Roadway,Colorado / CDOT District 2,,MPR200-280 PUEBLO AREA,894364.00
cdot_2022q4_mtce_072a_045_project_1,cdot_2022q4_mtce_072a_045,MTCE 072A-045,SH 72B MP 37.00 TO MP 45.3 NEA,Roadway,Colorado / CDOT District 4,,MTCE 072A-045 SH 72B MP 37.00 TO MP 45.3 NEA,1096643.80
cdot_2022q4_mtce_r100_380_project_1,cdot_2022q4_mtce_r100_380,MTCE R100-380,REGION 1 FY 23/24 PAVEMENT MAR,Roadway,Colorado / CDOT District 1,,MTCE R100-380 REGION 1 FY 23/24 PAVEMENT MAR,11849087.88
cdot_2022q4_mtce_r500_218_project_1,cdot_2022q4_mtce_r500_218,MTCE R500-218,,Roadway,Colorado / CDOT District 5,,MTCE R500-218,1168613.00
cdot_2022q4_mtce_r500_219_project_1,cdot_2022q4_mtce_r500_219,MTCE R500-219,,Roadway,Colorado / CDOT District 5,,MTCE R500-219,2256065.00
cdot_2022q4_mtce0253_281_project_1,cdot_2022q4_mtce0253_281,MTCE0253-281,MTCE FY23 I-25 CONC PANEL REPL,Roadway,Colorado / CDOT District 4,,MTCE0253-281 MTCE FY23 I-25 CONC PANEL REPL,1351993.00
cdot_2022q4_mtce0253_291_project_1,cdot_2022q4_mtce0253_291,MTCE0253-291,I-25 SIGN REPLACEMENT PHASE 2B,Roadway,Colorado / CDOT District 4,,MTCE0253-291 I-25 SIGN REPLACEMENT PHASE 2B,2499779.84
cdot_2022q4_mtce0702_426_project_1,cdot_2022q4_mtce0702_426,MTCE0702-426,I70 FROM MP 155 TO 180 AND MP,Roadway,Colorado / CDOT District 3,,MTCE0702-426 I70 FROM MP 155 TO 180 AND MP,693730.00
cdot_2022q4_mtce2873_204_project_1,cdot_2022q4_mtce2873_204,MTCE2873-204,MTCE FY22 SH287 CONC PANEL REP,Roadway,Colorado / CDOT District 4,,MTCE2873-204 MTCE FY22 SH287 CONC PANEL REP,693896.87
cdot_2022q4_mtcer300_262_project_1,cdot_2022q4_mtcer300_262,MTCER300-262,,Roadway,Colorado / CDOT District 3,,MTCER300-262,1742097.00
cdot_2022q4_mtcer300_272_project_1,cdot_2022q4_mtcer300_272,MTCER300-272,REGION 3 ROUNDABOUT STRIPING A,Roadway,Colorado / CDOT District 3,,MTCER300-272 REGION 3 ROUNDABOUT STRIPING A,324225.00
cdot_2022q4_mtcer300_273_project_1,cdot_2022q4_mtcer300_273,MTCER300-273,"I-70 MM 75-116, OTHER REGION 3",Roadway,Colorado / CDOT District 3,,"MTCER300-273 I-70 MM 75-116, OTHER REGION 3",1518388.73
cdot_2022q4_mtcer400_391_project_1,cdot_2022q4_mtcer400_391,MTCER400-391,VARIOUS HIGHWAY SEGMENTS ACROS,Roadway,Colorado / CDOT District 4,,MTCER400-391 VARIOUS HIGHWAY SEGMENTS ACROS,1564170.00
cdot_2022q4_mtcer400_396_project_1,cdot_2022q4_mtcer400_396,MTCER400-396,REGION 4,Roadway,Colorado / CDOT District 4,,MTCER400-396 REGION 4,1225327.30
cdot_2022q4_nh0504_910_project_1,cdot_2022q4_nh0504_910,NH0504-910,US50B L-24-B MIN REP AT MP 406,Roadway,Colorado / CDOT District 2,,NH0504-910 US50B L-24-B MIN REP AT MP 406,1697000.00
cdot_2022q4_nh0504_911_project_1,cdot_2022q4_nh0504_911,NH0504-911,,Roadway,Colorado / CDOT District 2,,NH0504-911,17781881.53
cdot_2022q4_nhc540_017_project_1,cdot_2022q4_nhc540_017,NHC540-017,R2 CHAINUP STA @ KENOSHA/HOOSI,Roadway,Colorado / CDOT District 2,,NHC540-017 R2 CHAINUP STA @ KENOSHA/HOOSI,7334391.55
cdot_2022q4_nhm175_029_project_1,cdot_2022q4_nhm175_029,NHM175-029,"CANON CITY, CO",Roadway,Colorado / CDOT District 2,,"NHM175-029 CANON CITY, CO",2012665.10
cdot_2022q4_nhm765_007_project_1,cdot_2022q4_nhm765_007,NHM765-007,,Roadway,Colorado / CDOT District 2,,NHM765-007,13605608.18
cdot_2022q4_nhpp_0761_238_project_1,cdot_2022q4_nhpp_0761_238,NHPP 0761-238,I-76 DAHLIA TO YORK,Roadway,Colorado / CDOT District 1,,NHPP 0761-238 I-76 DAHLIA TO YORK,25426004.45
cdot_2022q4_nhpp_3851_018_project_1,cdot_2022q4_nhpp_3851_018,NHPP 3851-018,US 385 NORTH OF CHEYENNE WELLS,Roadway,Colorado / CDOT District 4,,NHPP 3851-018 US 385 NORTH OF CHEYENNE WELLS,13523000.00
cdot_2022q4_nhpp0021_041_project_1,cdot_2022q4_nhpp0021_041,NHPP0021-041,SH2 RESURFACING MLK TO 52ND,Roadway,Colorado / CDOT District 1,,NHPP0021-041 SH2 RESURFACING MLK TO 52ND,3269122.13
cdot_2022q4_nhpp0063_048_project_1,cdot_2022q4_nhpp0063_048,NHPP0063-048,US6 / 20 ROAD INTERSECTION IMP,Roadway,Colorado / CDOT District 3,,NHPP0063-048 US6 / 20 ROAD INTERSECTION IMP,3776448.13
cdot_2022q4_nhpp0063_054_project_1,cdot_2022q4_nhpp0063_054,NHPP0063-054,US 6 FROM I70-B TO 33 RD. (MP,Roadway,Colorado / CDOT District 3,,NHPP0063-054 US 6 FROM I70-B TO 33 RD. (MP,16532414.25
cdot_2022q4_nhpp0063_063_project_1,cdot_2022q4_nhpp0063_063,NHPP0063-063,,Roadway,Colorado / CDOT District 3,,NHPP0063-063,9208179.50
cdot_2022q4_nhpp0252_448_project_1,cdot_2022q4_nhpp0252_448,NHPP0252-448,I-25 TREX NARROWS BRIDGE PREVE,Roadway,Colorado / CDOT District 1,,NHPP0252-448 I-25 TREX NARROWS BRIDGE PREVE,2827827.00
cdot_2022q4_nhpp0253_275_project_1,cdot_2022q4_nhpp0253_275,NHPP0253-275,I-25 EXPRESS LANES SEGMENT 5 &,Roadway,Colorado / CDOT District 4,,NHPP0253-275 I-25 EXPRESS LANES SEGMENT 5 &,6514608.17
cdot_2022q4_nhpp0343_048_project_1,cdot_2022q4_nhpp0343_048,NHPP0343-048,US 34 (MP 169.3-171.4),Roadway,Colorado / CDOT District 4,,NHPP0343-048 US 34 (MP 169.3-171.4),2191362.00
cdot_2022q4_nhpp0502_090_project_1,cdot_2022q4_nhpp0502_090,NHPP0502-090,SH 50 MP 134.6-136 GUNNISON CO,Roadway,Colorado / CDOT District 3,,NHPP0502-090 SH 50 MP 134.6-136 GUNNISON CO,7499484.80
cdot_2022q4_nhpp0701_231_project_1,cdot_2022q4_nhpp0701_231,NHPP0701-231,I-70 SALT WASH BRIDGES SCOUR,Roadway,Colorado / CDOT District 3,,NHPP0701-231 I-70 SALT WASH BRIDGES SCOUR,3300000.00
cdot_2022q4_nhpp0701_252_project_1,cdot_2022q4_nhpp0701_252,NHPP0701-252,I-70 RIFLE TO SILT SLAB REPLAC,Roadway,Colorado / CDOT District 3,,NHPP0701-252 I-70 RIFLE TO SILT SLAB REPLAC,7080420.17
cdot_2022q4_nhpp0701_253_project_1,cdot_2022q4_nhpp0701_253,NHPP0701-253,I-70 EAST OF DEBEQUE,Roadway,Colorado / CDOT District 3,,NHPP0701-253 I-70 EAST OF DEBEQUE,5028719.80
cdot_2022q4_nhpp0702_383_project_1,cdot_2022q4_nhpp0702_383,NHPP0702-383,I-70 EB AUX FRISCO TO SILVERTH,Roadway,Colorado / CDOT District 3,,NHPP0702-383 I-70 EB AUX FRISCO TO SILVERTH,26917300.00
cdot_2022q4_nhpp0702_413_project_1,cdot_2022q4_nhpp0702_413,NHPP0702-413,VAIL PASS AUX PHASE 1 CAP 2,Roadway,Colorado / CDOT District 3,,NHPP0702-413 VAIL PASS AUX PHASE 1 CAP 2,21966094.79
cdot_2022q4_nhpp0702_414_project_1,cdot_2022q4_nhpp0702_414,NHPP0702-414,VAIL PASS AUX PHASE 1 CAP 3,Roadway,Colorado / CDOT District 3,,NHPP0702-414 VAIL PASS AUX PHASE 1 CAP 3,47957757.02
cdot_2022q4_nhpp0703_472_project_1,cdot_2022q4_nhpp0703_472,NHPP0703-472,,Roadway,Colorado / CDOT District 1,,NHPP0703-472,8027827.75
cdot_2022q4_nhpp0705_088_project_1,cdot_2022q4_nhpp0705_088,NHPP0705-088,I-70 AGATE STRUCTURE REHAB,Roadway,Colorado / CDOT District 4,,NHPP0705-088 I-70 AGATE STRUCTURE REHAB,5098771.00
cdot_2022q4_nhpp072a_047_project_1,cdot_2022q4_nhpp072a_047,NHPP072A-047,SH-72 RESURFACING: I-70 TO IND,Roadway,Colorado / CDOT District 1,,NHPP072A-047 SH-72 RESURFACING: I-70 TO IND,8097793.64
cdot_2022q4_nhpp0821_114_project_1,cdot_2022q4_nhpp0821_114,NHPP0821-114,SH 82 ASPEN/INDEPENDENCE PASS,Roadway,Colorado / CDOT District 3,,NHPP0821-114 SH 82 ASPEN/INDEPENDENCE PASS,1165615.42
cdot_2022q4_nhpp083a_046_project_1,cdot_2022q4_nhpp083a_046,NHPP083A-046,SH83 RESURFACING STROH RD TO H,Roadway,Colorado / CDOT District 1,,NHPP083A-046 SH83 RESURFACING STROH RD TO H,3893820.48
cdot_2022q4_nhpp0853_126_project_1,cdot_2022q4_nhpp0853_126,NHPP0853-126,US85C: PLATTEVILLE NORTH MP (2,Roadway,Colorado / CDOT District 4,,NHPP0853-126 US85C: PLATTEVILLE NORTH MP (2,5111254.25
cdot_2022q4_nhpp0931_033_project_1,cdot_2022q4_nhpp0931_033,NHPP0931-033,SH93:US6 TO 58TH RESURFACING,Roadway,Colorado / CDOT District 1,,NHPP0931-033 SH93:US6 TO 58TH RESURFACING,5039495.35
cdot_2022q4_nhpp1601_083_project_1,cdot_2022q4_nhpp1601_083,NHPP1601-083,,Roadway,Colorado / CDOT District 5,,NHPP1601-083,21890679.16
cdot_2022q4_nhpp2873_189_project_1,cdot_2022q4_nhpp2873_189,NHPP2873-189,US 287 (FEDERAL BLVD) - COLFAX,Roadway,Colorado / CDOT District 1,,NHPP2873-189 US 287 (FEDERAL BLVD) - COLFAX,4704411.40
cdot_2022q4_nhppr100_266_project_1,cdot_2022q4_nhppr100_266,NHPPR100-266,R1 ESSENTIAL REPAIRS,Roadway,Colorado / CDOT District 1,,NHPPR100-266 R1 ESSENTIAL REPAIRS,3070798.76
cdot_2022q4_pan0761_245_project_1,cdot_2022q4_pan0761_245,PAN0761-245,ALONG I-76 & RAMPS MILEPOST 95,Roadway,Colorado / CDOT District 4,,PAN0761-245 ALONG I-76 & RAMPS MILEPOST 95,348232.00
cdot_2022q4_she0242_087_project_1,cdot_2022q4_she0242_087,SHE0242-087,"US 24 SAFETY IMPRVMNTS, E OF F",Roadway,Colorado / CDOT District 2,,"SHE0242-087 US 24 SAFETY IMPRVMNTS, E OF F",2097272.44
cdot_2022q4_she2873_193_project_1,cdot_2022q4_she2873_193,SHE2873-193,US 287 & CO 52 INTERSECTION IM,Roadway,Colorado / CDOT District 4,,SHE2873-193 US 287 & CO 52 INTERSECTION IM,5138361.59
cdot_2022q4_sta_067a_048_project_1,cdot_2022q4_sta_067a_048,STA 067A-048,Hwy 67A MP 0.00 TO MP 11.05 IN,Roadway,Colorado / CDOT District 2,,STA 067A-048 Hwy 67A MP 0.00 TO MP 11.05 IN,4623000.00
cdot_2022q4_sta001a_005_project_1,cdot_2022q4_sta001a_005,STA001A-005,SH1 WELLINGTON SOUTH RESURFACI,Roadway,Colorado / CDOT District 4,,STA001A-005 SH1 WELLINGTON SOUTH RESURFACI,5897002.35
cdot_2022q4_sta0252_459_project_1,cdot_2022q4_sta0252_459,STA0252-459,,Roadway,Colorado / CDOT District 1,,STA0252-459,6297433.64
cdot_2022q4_sta0361_129_project_1,cdot_2022q4_sta0361_129,STA0361-129,US 36: HYGIENE RD AND NELSON R,Roadway,Colorado / CDOT District 4,,STA0361-129 US 36: HYGIENE RD AND NELSON R,3618938.30
cdot_2022q4_sta0711_021_project_1,cdot_2022q4_sta0711_021,STA0711-021,SH71: REGION LINE NORTH,Roadway,Colorado / CDOT District 4,,STA0711-021 SH71: REGION LINE NORTH,14314966.60
cdot_2022q4_sta0712_019_project_1,cdot_2022q4_sta0712_019,STA0712-019,SH 71: Frieght Improvements,Roadway,Colorado / CDOT District 4,,STA0712-019 SH 71: Frieght Improvements,11946689.77
cdot_2022q4_sta207a_004_project_1,cdot_2022q4_sta207a_004,STA207A-004,Resurfacing SH207A MANZANOLA (,Roadway,Colorado / CDOT District 2,,STA207A-004 Resurfacing SH207A MANZANOLA (,6049464.37
cdot_2022q4_sta3852_015_project_1,cdot_2022q4_sta3852_015,STA3852-015,US 385 HOLYOKE NORTH,Roadway,Colorado / CDOT District 4,,STA3852-015 US 385 HOLYOKE NORTH,16494822.00
cdot_2022q4_sta385a_016_project_1,cdot_2022q4_sta385a_016,STA385A-016,SH 385 MP 97.76,Roadway,Colorado / CDOT District 2,,STA385A-016 SH 385 MP 97.76,3775000.00
cdot_2022q4_stam420_001_project_1,cdot_2022q4_stam420_001,STAM420-001,US 285 AT HWY 9C IMPROVEMENTS,Roadway,Colorado / CDOT District 2,,STAM420-001 US 285 AT HWY 9C IMPROVEMENTS,24091000.00
cdot_2022q4_star100_358_project_1,cdot_2022q4_star100_358,STAR100-358,3 STRUCTURES IN REGION 1 METRO,Roadway,Colorado / CDOT District 1,,STAR100-358 3 STRUCTURES IN REGION 1 METRO,1580730.00
cdot_2022q4_star100_374_project_1,cdot_2022q4_star100_374,STAR100-374,5 STRUCTURES IN REGION 1,Roadway,Colorado / CDOT District 1,,STAR100-374 5 STRUCTURES IN REGION 1,2745838.90
cdot_2022q4_stm0091_046_project_1,cdot_2022q4_stm0091_046,STM0091-046,ADA RAMP IMPROVEMENTS - FAIRPL,Roadway,Colorado / CDOT District 2,,STM0091-046 ADA RAMP IMPROVEMENTS - FAIRPL,24091000.00
cdot_2022q4_stm1151_038_project_1,cdot_2022q4_stm1151_038,STM1151-038,SH115 MP 27 TO MP 38,Roadway,Colorado / CDOT District 2,,STM1151-038 SH115 MP 27 TO MP 38,39607433.98
cdot_2022q4_str_r500_171_project_1,cdot_2022q4_str_r500_171,STR R500-171,Various locations on SH 141 an,Roadway,Colorado / CDOT District 5,,STR R500-171 Various locations on SH 141 an,1400000.00
cdot_2022q4_str0092_024_project_1,cdot_2022q4_str0092_024,STR0092-024,SH 9 North of Silverthorne,Roadway,Colorado / CDOT District 3,,STR0092-024 SH 9 North of Silverthorne,6632329.84
cdot_2022q4_str0141_031_project_1,cdot_2022q4_str0141_031,STR0141-031,,Roadway,Colorado / CDOT District 3,,STR0141-031,5420000.00
cdot_2022q4_str0505_050_project_1,cdot_2022q4_str0505_050,STR0505-050,,Roadway,Colorado / CDOT District 2,,STR0505-050,2019305.00
cdot_2022q4_str0641_107_project_1,cdot_2022q4_str0641_107,STR0641-107,SH 13 MM 104-128.1 IN MOFFAT C,Roadway,Colorado / CDOT District 3,,STR0641-107 SH 13 MM 104-128.1 IN MOFFAT C,3297815.15
cdot_2022q4_str064a_010_project_1,cdot_2022q4_str064a_010,STR064A-010,SH 64 AND SH 13 AT MEEKER,Roadway,Colorado / CDOT District 3,,STR064A-010 SH 64 AND SH 13 AT MEEKER,6203531.45
cdot_2022q4_str0711_022_project_1,cdot_2022q4_str0711_022,STR0711-022,SH 71 OVER THE ARKANSAS,Roadway,Colorado / CDOT District 2,,STR0711-022 SH 71 OVER THE ARKANSAS,572763.00
cdot_2022q4_str092a_031_project_1,cdot_2022q4_str092a_031,STR092A-031,,Roadway,Colorado / CDOT District 3,,STR092A-031,7346956.34
cdot_2022q4_str096a_050_project_1,cdot_2022q4_str096a_050,STR096A-050,SH 96 MP 168.99 TO 193.77,Roadway,Colorado / CDOT District 2,,STR096A-050 SH 96 MP 168.99 TO 193.77,12723069.27
cdot_2022q4_str109a_019_project_1,cdot_2022q4_str109a_019,STR109A-019,M-22-AY BRIDGE REHAB ON SH109,Roadway,Colorado / CDOT District 2,,STR109A-019 M-22-AY BRIDGE REHAB ON SH109,5635899.39
cdot_2022q4_str114a_015_project_1,cdot_2022q4_str114a_015,STR114A-015,SH114 SILLSVILLE SOUTH TO MP30,Roadway,Colorado / CDOT District 3,,STR114A-015 SH114 SILLSVILLE SOUTH TO MP30,14324912.69
cdot_2022q4_str133a_051_project_1,cdot_2022q4_str133a_051,STR133A-051,,Roadway,Colorado / CDOT District 3,,STR133A-051,1540725.10
cdot_2022q4_str160a_034_project_1,cdot_2022q4_str160a_034,STR160A-034,US160A LA VETA PASS EAST SURFA,Roadway,Colorado / CDOT District 2,,STR160A-034 US160A LA VETA PASS EAST SURFA,8614391.16
cdot_2022q4_str318a_001_project_1,cdot_2022q4_str318a_001,STR318A-001,SH 318 MP 0 - 12.5 MOFFAT COUN,Roadway,Colorado / CDOT District 3,,STR318A-001 SH 318 MP 0 - 12.5 MOFFAT COUN,6686562.84
cdot_2022q4_strc090_011_project_1,cdot_2022q4_strc090_011,STRC090-011,US 50B AND SH71/CR18 INTERSECT,Roadway,Colorado / CDOT District 2,,STRC090-011 US 50B AND SH71/CR18 INTERSECT,2854417.85
cdot_2022q4_stu0252_457_project_1,cdot_2022q4_stu0252_457,STU0252-457,I-25:ALAMEDA RIVER PH 2.0,Roadway,Colorado / CDOT District 1,,STU0252-457 I-25:ALAMEDA RIVER PH 2.0,22317300.00
cdot_2022q4_trg0253_264_project_1,cdot_2022q4_trg0253_264,TRG0253-264,I-25 AND SH 119 PARK-N-RIDE,Roadway,Colorado / CDOT District 4,,TRG0253-264 I-25 AND SH 119 PARK-N-RIDE,13166577.55
fhu_bid_tab_watson_ave_roundabout_2021_12_16_320150_project_1,fhu_bid_tab_watson_ave_roundabout_2021_12_16_320150,320150,Watson Avenue Roundabout,Roadway,Summit County,,Watson Avenue Roundabout,
fhu_bid_tab_arapahoe_big_dry_creek_2021_09_24_ifb_21_09_02_project_1,fhu_bid_tab_arapahoe_big_dry_creek_2021_09_24_ifb_21_09_02,IFB 21-09-02,Arapahoe Rd Bridge at Big Dry Creek Project,Roadway,Arapahoe County,,Arapahoe Rd Bridge at Big Dry Creek Project,
fhu_bid_tab_ralston_yukon_garrison_2021_02_05_18_st_40_project_1,fhu_bid_tab_ralston_yukon_garrison_2021_02_05_18_st_40,18-ST-40,Ralston Road - Yukon Street to Garrison Street,Roadway,Jefferson County / Arvada,,Ralston Road - Yukon Street to Garrison Street,
fhu_bid_tab_kipling_bowles_2022_03_10_5_69_15_4005_project_1,fhu_bid_tab_kipling_bowles_2022_03_10_5_69_15_4005,5-69-15-4005,S Kipling Pkwy Improvement Project at W Bowles Ave,Roadway,Jefferson County,,S Kipling Pkwy Improvement Project at W Bowles Ave,
fhu_estimate_old_hampden_2026_02_05_old_hampden_complete_streets_project_1,fhu_estimate_old_hampden_2026_02_05_old_hampden_complete_streets,FHU-OLD-HAMPDEN,Old Hampden Complete Streets Project,Complete Streets,Arapahoe County,,Old Hampden Complete Streets Project,
fhu_estimate_colorado_blvd_2026_06_01_centennial_project_1,fhu_estimate_colorado_blvd_2026_06_01_centennial,FHU-COLORADO-BLVD,Colorado Boulevard Multimodal Improvements (Arapahoe Road to Dry Creek Road),Multimodal Improvements,Arapahoe County,,Colorado Boulevard Multimodal Improvements (Arapahoe Road to Dry Creek Road),
fhu_bid_tab_jc_73_2025_02_20_stu_c110_053_project_1,fhu_bid_tab_jc_73_2025_02_20_stu_c110_053,STU C110-053,JC-73 Corridor Improvement Project from Little Cub Creek Road to Plettner Lane,Corridor Improvements,Jefferson County,,JC-73 Corridor Improvement Project from Little Cub Creek Road to Plettner Lane,4924768.96
fhu_bid_tab_west_colfax_phase_1_2024_10_03_bid_6039_project_1,fhu_bid_tab_west_colfax_phase_1_2024_10_03_bid_6039,Bid No. 6039,West Colfax Safety Improvement Project - Phase I,Safety Improvements,Jefferson County,,West Colfax Safety Improvement Project - Phase I,
fhu_estimate_west_colfax_phase_2_2026_01_23_project_1,fhu_estimate_west_colfax_phase_2_2026_01_23,FHU-W-COLFAX-PH2,West Colfax Safety Improvement Project - Phase 2,Safety Improvements,Jefferson County,,West Colfax Safety Improvement Project - Phase 2,
fhu_bid_tab_pikes_peak_sidewalks_2023_04_03_project_1,fhu_bid_tab_pikes_peak_sidewalks_2023_04_03,FHU-PIKES-PEAK-SW,Pikes Peak Drive Sidewalk Improvements,Sidewalk Improvements,Douglas County,,Pikes Peak Drive Sidewalk Improvements,
fhu_bid_tab_west_mainstreet_2024_02_08_cip22_043_ci_project_1,fhu_bid_tab_west_mainstreet_2024_02_08_cip22_043_ci,CIP22-043-CI,West Mainstreet Operational Improvements,Operational Improvements,Douglas County,,West Mainstreet Operational Improvements,
fhu_bid_tab_lincoln_jordan_2025_02_18_project_1,fhu_bid_tab_lincoln_jordan_2025_02_18,FHU-LINCOLN-JORDAN,Lincoln Avenue and Jordan Road Widening,Roadway Widening,Douglas County,,Lincoln Avenue and Jordan Road Widening,
